2026-09-30 21:36:45.343 [main] DEBUG org.example.GestorEldenRing - Listado de SinLuzes: [SinLuz{id=null, nombre='SinLuz1', encuentros=null}, SinLuz{id=null, nombre='SinLuz2', encuentros=null}, SinLuz{id=null, nombre='SinLuz3', encuentros=null}]
2026-09-30 21:37:23.282 [main] DEBUG org.example.GestorEldenRing - +----------------------+
2026-09-30 21:37:23.284 [main] DEBUG org.example.GestorEldenRing - |      SIN LUZ         |
2026-09-30 21:37:23.284 [main] DEBUG org.example.GestorEldenRing - +----------------------+
2026-09-30 21:37:23.286 [main] DEBUG org.example.GestorEldenRing - | SinLuz{id=null, nombre='SinLuz1', encuentros=null} |
2026-09-30 21:37:23.286 [main] DEBUG org.example.GestorEldenRing - | SinLuz{id=null, nombre='SinLuz2', encuentros=null} |
2026-09-30 21:37:23.286 [main] DEBUG org.example.GestorEldenRing - | SinLuz{id=null, nombre='SinLuz3', encuentros=null} |
2026-09-30 21:37:23.286 [main] DEBUG org.example.GestorEldenRing - +----------------------+
2026-09-30 21:39:16.728 [main] DEBUG org.example.GestorEldenRing - +----------------------+
2026-09-30 21:39:16.730 [main] DEBUG org.example.GestorEldenRing - |      SIN LUZ         |
2026-09-30 21:39:16.730 [main] DEBUG org.example.GestorEldenRing - +----------------------+
2026-09-30 21:39:16.732 [main] DEBUG org.example.GestorEldenRing - | SinLuz{id=null, nombre='SinLuz1', encuentros=null} |
2026-09-30 21:39:16.732 [main] DEBUG org.example.GestorEldenRing - | SinLuz{id=null, nombre='SinLuz2', encuentros=null} |
2026-09-30 21:39:16.732 [main] DEBUG org.example.GestorEldenRing - | SinLuz{id=null, nombre='SinLuz3', encuentros=null} |
2026-09-30 21:39:16.732 [main] DEBUG org.example.GestorEldenRing - +----------------------+
2026-09-30 21:39:16.732 [main] DEBUG org.example.GestorEldenRing - +----------------------+
2026-09-30 21:41:15.549 [main] DEBUG org.example.GestorEldenRing - +----------------------+
2026-09-30 21:41:15.551 [main] DEBUG org.example.GestorEldenRing - |      SIN LUZ         |
2026-09-30 21:41:15.551 [main] DEBUG org.example.GestorEldenRing - +----------------------+
2026-09-30 21:41:15.553 [main] DEBUG org.example.GestorEldenRing - | SinLuz{id=null, nombre='SinLuz1', encuentros=null} |
2026-09-30 21:41:15.553 [main] DEBUG org.example.GestorEldenRing - | SinLuz{id=null, nombre='SinLuz2', encuentros=null} |
2026-09-30 21:41:15.553 [main] DEBUG org.example.GestorEldenRing - | SinLuz{id=null, nombre='SinLuz3', encuentros=null} |
2026-09-30 21:41:15.553 [main] DEBUG org.example.GestorEldenRing - +----------------------+
2026-09-30 21:41:15.553 [main] DEBUG org.example.GestorEldenRing - +----------------------+
2026-09-30 21:41:38.616 [main] DEBUG org.example.GestorEldenRing - +----------------------+
2026-09-30 21:41:38.618 [main] DEBUG org.example.GestorEldenRing - |      SIN LUZ         |
2026-09-30 21:41:38.619 [main] DEBUG org.example.GestorEldenRing - +----------------------+
2026-09-30 21:41:38.621 [main] DEBUG org.example.GestorEldenRing - | SinLuz{id=null, nombre='SinLuz1', encuentros=null} |
2026-09-30 21:41:38.621 [main] DEBUG org.example.GestorEldenRing - | SinLuz{id=null, nombre='SinLuz2', encuentros=null} |
2026-09-30 21:41:38.621 [main] DEBUG org.example.GestorEldenRing - | SinLuz{id=null, nombre='SinLuz3', encuentros=null} |
2026-09-30 21:41:38.621 [main] DEBUG org.example.GestorEldenRing - +----------------------+
2026-09-30 21:41:38.621 [main] DEBUG org.example.GestorEldenRing - +----------------------+
2026-09-30 21:42:26.446 [main] DEBUG org.example.GestorEldenRing - +----------------------+
2026-09-30 21:42:26.448 [main] DEBUG org.example.GestorEldenRing - |      SIN LUZ         |
2026-09-30 21:42:26.448 [main] DEBUG org.example.GestorEldenRing - +----------------------+
2026-09-30 21:42:26.450 [main] DEBUG org.example.GestorEldenRing - | SinLuz{id=1, nombre='SinLuz1', encuentros=null} |
2026-09-30 21:42:26.450 [main] DEBUG org.example.GestorEldenRing - | SinLuz{id=2, nombre='SinLuz2', encuentros=null} |
2026-09-30 21:42:26.450 [main] DEBUG org.example.GestorEldenRing - | SinLuz{id=3, nombre='SinLuz3', encuentros=null} |
2026-09-30 21:42:26.451 [main] DEBUG org.example.GestorEldenRing - +----------------------+
2026-09-30 21:42:26.451 [main] DEBUG org.example.GestorEldenRing - +----------------------+
2026-09-30 21:44:00.492 [main] DEBUG org.example.GestorEldenRing - +----------------------+
2026-09-30 21:44:00.494 [main] DEBUG org.example.GestorEldenRing - |      SIN LUZ         |
2026-09-30 21:44:00.494 [main] DEBUG org.example.GestorEldenRing - +----------------------+
2026-09-30 21:44:00.496 [main] DEBUG org.example.GestorEldenRing - | SinLuz{id=1, nombre='SinLuz1', encuentros=null} |
2026-09-30 21:44:00.496 [main] DEBUG org.example.GestorEldenRing - | SinLuz{id=2, nombre='SinLuz2', encuentros=null} |
2026-09-30 21:44:00.496 [main] DEBUG org.example.GestorEldenRing - | SinLuz{id=3, nombre='SinLuz3', encuentros=null} |
2026-09-30 21:44:00.496 [main] DEBUG org.example.GestorEldenRing - +----------------------+
2026-09-30 21:44:00.496 [main] DEBUG org.example.GestorEldenRing - +----------------------+
2026-09-30 22:00:02.906 [main] DEBUG org.example.GestorEldenRing - +----------------------+
2026-09-30 22:00:02.908 [main] DEBUG org.example.GestorEldenRing - |      SIN LUZ         |
2026-09-30 22:00:02.908 [main] DEBUG org.example.GestorEldenRing - +----------------------+
2026-09-30 22:00:02.910 [main] DEBUG org.example.GestorEldenRing - | SinLuz{id=1, nombre='SinLuz1', encuentros=null} |
2026-09-30 22:00:02.911 [main] DEBUG org.example.GestorEldenRing - | SinLuz{id=2, nombre='SinLuz2', encuentros=null} |
2026-09-30 22:00:02.911 [main] DEBUG org.example.GestorEldenRing - | SinLuz{id=3, nombre='SinLuz3', encuentros=null} |
2026-09-30 22:00:02.911 [main] DEBUG org.example.GestorEldenRing - +----------------------+
2026-09-30 22:00:02.911 [main] DEBUG org.example.GestorEldenRing - +----------------------+
2026-09-30 22:00:12.825 [main] DEBUG org.example.GestorEldenRing - +----------------------+
2026-09-30 22:00:12.827 [main] DEBUG org.example.GestorEldenRing - |      SIN LUZ         |
2026-09-30 22:00:12.827 [main] DEBUG org.example.GestorEldenRing - +----------------------+
2026-09-30 22:00:12.829 [main] DEBUG org.example.GestorEldenRing - | SinLuz{id=1, nombre='SinLuz1', encuentros=null} |
2026-09-30 22:00:12.829 [main] DEBUG org.example.GestorEldenRing - | SinLuz{id=2, nombre='SinLuz2', encuentros=null} |
2026-09-30 22:00:12.829 [main] DEBUG org.example.GestorEldenRing - | SinLuz{id=3, nombre='SinLuz3', encuentros=null} |
2026-09-30 22:00:12.829 [main] DEBUG org.example.GestorEldenRing - +----------------------+
2026-09-30 22:00:12.829 [main] DEBUG org.example.GestorEldenRing - +----------------------+
2026-09-30 22:00:24.104 [main] DEBUG org.example.GestorEldenRing - +----------------------+
2026-09-30 22:00:24.106 [main] DEBUG org.example.GestorEldenRing - |      SIN LUZ         |
2026-09-30 22:00:24.107 [main] DEBUG org.example.GestorEldenRing - +----------------------+
2026-09-30 22:00:24.109 [main] DEBUG org.example.GestorEldenRing - | SinLuz{id=1, nombre='SinLuz1', encuentros=null} |
2026-09-30 22:00:24.109 [main] DEBUG org.example.GestorEldenRing - | SinLuz{id=2, nombre='SinLuz2', encuentros=null} |
2026-09-30 22:00:24.109 [main] DEBUG org.example.GestorEldenRing - | SinLuz{id=3, nombre='SinLuz3', encuentros=null} |
2026-09-30 22:00:24.109 [main] DEBUG org.example.GestorEldenRing - +----------------------+
2026-09-30 22:00:24.109 [main] DEBUG org.example.GestorEldenRing - +----------------------+
2026-09-30 22:00:24.116 [main] DEBUG org.example.GestorEldenRing - +----------------------+
2026-09-30 22:00:24.116 [main] DEBUG org.example.GestorEldenRing - |      ENCUENTROS        |
2026-09-30 22:00:24.116 [main] DEBUG org.example.GestorEldenRing - +----------------------+
2026-09-30 22:00:24.121 [main] DEBUG org.example.GestorEldenRing - | Encuentros{nombre='Encuentro 1', fechaEncuentro=2026-09-30, dificultad=5, nombreEnemigos=[Pedro, Maria, Juan]} |
2026-09-30 22:00:24.121 [main] DEBUG org.example.GestorEldenRing - | Encuentros{nombre='Encuentro 2', fechaEncuentro=2026-09-30, dificultad=1, nombreEnemigos=[Pepe, Salma, Lucas]} |
2026-09-30 22:00:24.121 [main] DEBUG org.example.GestorEldenRing - | Encuentros{nombre='Encuentro 3', fechaEncuentro=2026-09-30, dificultad=10, nombreEnemigos=[Sandra, Paula, Claudia]} |
2026-09-30 22:00:24.121 [main] DEBUG org.example.GestorEldenRing - +----------------------+
2026-09-30 22:00:24.121 [main] DEBUG org.example.GestorEldenRing - +----------------------+
2026-09-30 22:00:38.497 [main] DEBUG org.example.GestorEldenRing - +----------------------+
2026-09-30 22:00:38.499 [main] DEBUG org.example.GestorEldenRing - |      SIN LUZ         |
2026-09-30 22:00:38.499 [main] DEBUG org.example.GestorEldenRing - +----------------------+
2026-09-30 22:00:38.501 [main] DEBUG org.example.GestorEldenRing - | SinLuz{id=1, nombre='SinLuz1', encuentros=null} |
2026-09-30 22:00:38.501 [main] DEBUG org.example.GestorEldenRing - | SinLuz{id=2, nombre='SinLuz2', encuentros=null} |
2026-09-30 22:00:38.501 [main] DEBUG org.example.GestorEldenRing - | SinLuz{id=3, nombre='SinLuz3', encuentros=null} |
2026-09-30 22:00:38.501 [main] DEBUG org.example.GestorEldenRing - +----------------------+
2026-09-30 22:00:38.501 [main] DEBUG org.example.GestorEldenRing - +----------------------+
2026-09-30 22:00:38.508 [main] DEBUG org.example.GestorEldenRing - +----------------------+
2026-09-30 22:00:38.508 [main] DEBUG org.example.GestorEldenRing - |      ENCUENTROS        |
2026-09-30 22:00:38.508 [main] DEBUG org.example.GestorEldenRing - +----------------------+
2026-09-30 22:00:38.512 [main] DEBUG org.example.GestorEldenRing - | Encuentros{nombre='Encuentro 1', fechaEncuentro=2026-09-30, dificultad=5, nombreEnemigos=[Pedro, Maria, Juan]} |
2026-09-30 22:00:38.512 [main] DEBUG org.example.GestorEldenRing - | Encuentros{nombre='Encuentro 2', fechaEncuentro=2026-09-30, dificultad=1, nombreEnemigos=[Pepe, Salma, Lucas]} |
2026-09-30 22:00:38.512 [main] DEBUG org.example.GestorEldenRing - | Encuentros{nombre='Encuentro 3', fechaEncuentro=2026-09-30, dificultad=10, nombreEnemigos=[Sandra, Paula, Claudia]} |
2026-09-30 22:00:38.512 [main] DEBUG org.example.GestorEldenRing - +----------------------+
2026-09-30 22:00:38.512 [main] DEBUG org.example.GestorEldenRing - +----------------------+
2026-09-30 22:01:48.103 [main] DEBUG org.example.GestorEldenRing - +----------------------+
2026-09-30 22:01:48.104 [main] DEBUG org.example.GestorEldenRing - |      SIN LUZ         |
2026-09-30 22:01:48.104 [main] DEBUG org.example.GestorEldenRing - +----------------------+
2026-09-30 22:01:48.107 [main] DEBUG org.example.GestorEldenRing - | SinLuz{id=1, nombre='SinLuz1', encuentros=null} |
2026-09-30 22:01:48.107 [main] DEBUG org.example.GestorEldenRing - | SinLuz{id=2, nombre='SinLuz2', encuentros=null} |
2026-09-30 22:01:48.107 [main] DEBUG org.example.GestorEldenRing - | SinLuz{id=3, nombre='SinLuz3', encuentros=null} |
2026-09-30 22:01:48.107 [main] DEBUG org.example.GestorEldenRing - +----------------------+
2026-09-30 22:01:48.107 [main] DEBUG org.example.GestorEldenRing - +----------------------+
2026-09-30 22:04:17.093 [main] DEBUG org.example.GestorEldenRing - +----------------------+
2026-09-30 22:04:17.094 [main] DEBUG org.example.GestorEldenRing - |      SIN LUZ         |
2026-09-30 22:04:17.094 [main] DEBUG org.example.GestorEldenRing - +----------------------+
2026-09-30 22:04:17.097 [main] DEBUG org.example.GestorEldenRing - | SinLuz{id=1, nombre='SinLuz1', encuentros=null} |
2026-09-30 22:04:17.098 [main] DEBUG org.example.GestorEldenRing - | SinLuz{id=2, nombre='SinLuz2', encuentros=null} |
2026-09-30 22:04:17.098 [main] DEBUG org.example.GestorEldenRing - | SinLuz{id=3, nombre='SinLuz3', encuentros=null} |
2026-09-30 22:04:17.098 [main] DEBUG org.example.GestorEldenRing - +----------------------+
2026-09-30 22:04:17.098 [main] DEBUG org.example.GestorEldenRing - +----------------------+
2026-09-30 22:04:31.641 [main] DEBUG org.example.GestorEldenRing - +----------------------+
2026-09-30 22:04:31.643 [main] DEBUG org.example.GestorEldenRing - |      SIN LUZ         |
2026-09-30 22:04:31.643 [main] DEBUG org.example.GestorEldenRing - +----------------------+
2026-09-30 22:04:31.644 [main] DEBUG org.example.GestorEldenRing - | SinLuz{id=1, nombre='SinLuz1', encuentros=null} |
2026-09-30 22:04:31.646 [main] DEBUG org.example.GestorEldenRing - | SinLuz{id=2, nombre='SinLuz2', encuentros=null} |
2026-09-30 22:04:31.646 [main] DEBUG org.example.GestorEldenRing - | SinLuz{id=3, nombre='SinLuz3', encuentros=null} |
2026-09-30 22:04:31.646 [main] DEBUG org.example.GestorEldenRing - +----------------------+
2026-09-30 22:04:31.646 [main] DEBUG org.example.GestorEldenRing - +----------------------+
2026-09-30 22:04:31.652 [main] DEBUG org.example.GestorEldenRing - +----------------------+
2026-09-30 22:04:31.653 [main] DEBUG org.example.GestorEldenRing - |      ENCUENTROS        |
2026-09-30 22:04:31.653 [main] DEBUG org.example.GestorEldenRing - +----------------------+
2026-09-30 22:04:31.658 [main] DEBUG org.example.GestorEldenRing - | Encuentros{nombre='Encuentro 1', fechaEncuentro=2026-09-30, dificultad=5, nombreEnemigos=[Pedro, Maria, Juan]} |
2026-09-30 22:04:31.659 [main] DEBUG org.example.GestorEldenRing - | Encuentros{nombre='Encuentro 2', fechaEncuentro=2026-09-30, dificultad=1, nombreEnemigos=[Pepe, Salma, Lucas]} |
2026-09-30 22:04:31.659 [main] DEBUG org.example.GestorEldenRing - | Encuentros{nombre='Encuentro 3', fechaEncuentro=2026-09-30, dificultad=10, nombreEnemigos=[Sandra, Paula, Claudia]} |
2026-09-30 22:04:31.659 [main] DEBUG org.example.GestorEldenRing - +----------------------+
2026-09-30 22:04:31.659 [main] DEBUG org.example.GestorEldenRing - +----------------------+
2026-09-30 22:08:53.609 [main] DEBUG org.example.GestorEldenRing - +----------------------+
2026-09-30 22:08:53.611 [main] DEBUG org.example.GestorEldenRing - |      SIN LUZ         |
2026-09-30 22:08:53.611 [main] DEBUG org.example.GestorEldenRing - +----------------------+
2026-09-30 22:08:53.613 [main] DEBUG org.example.GestorEldenRing - | SinLuz{id=1, nombre='SinLuz1', encuentros=null} |
2026-09-30 22:08:53.613 [main] DEBUG org.example.GestorEldenRing - | SinLuz{id=2, nombre='SinLuz2', encuentros=null} |
2026-09-30 22:08:53.613 [main] DEBUG org.example.GestorEldenRing - | SinLuz{id=3, nombre='SinLuz3', encuentros=null} |
2026-09-30 22:08:53.614 [main] DEBUG org.example.GestorEldenRing - +----------------------+
2026-09-30 22:08:53.614 [main] DEBUG org.example.GestorEldenRing - +----------------------+
2026-09-30 22:08:53.622 [main] DEBUG org.example.GestorEldenRing - +----------------------+
2026-09-30 22:08:53.622 [main] DEBUG org.example.GestorEldenRing - |      ENCUENTROS        |
2026-09-30 22:08:53.622 [main] DEBUG org.example.GestorEldenRing - +----------------------+
2026-09-30 22:08:53.626 [main] DEBUG org.example.GestorEldenRing - | Encuentros{nombre='Encuentro 1', fechaEncuentro=2026-09-30, dificultad=5, nombreEnemigos=[Pedro, Maria, Juan]} |
2026-09-30 22:08:53.626 [main] DEBUG org.example.GestorEldenRing - | Encuentros{nombre='Encuentro 2', fechaEncuentro=2026-09-30, dificultad=1, nombreEnemigos=[Pepe, Salma, Lucas]} |
2026-09-30 22:08:53.626 [main] DEBUG org.example.GestorEldenRing - | Encuentros{nombre='Encuentro 3', fechaEncuentro=2026-09-30, dificultad=10, nombreEnemigos=[Sandra, Paula, Claudia]} |
2026-09-30 22:08:53.627 [main] DEBUG org.example.GestorEldenRing - | Encuentros{nombre='Encuentro 4', fechaEncuentro=2026-09-30, dificultad=7, nombreEnemigos=[Alberto, Laura, Diego]} |
2026-09-30 22:08:53.627 [main] DEBUG org.example.GestorEldenRing - | Encuentros{nombre='Encuentro 5', fechaEncuentro=2026-09-30, dificultad=3, nombreEnemigos=[Carlos, Elena, Mario]} |
2026-09-30 22:08:53.627 [main] DEBUG org.example.GestorEldenRing - | Encuentros{nombre='Encuentro 6', fechaEncuentro=2026-09-30, dificultad=8, nombreEnemigos=[Daniel, Lucia, Javier]} |
2026-09-30 22:08:53.627 [main] DEBUG org.example.GestorEldenRing - | Encuentros{nombre='Encuentro 7', fechaEncuentro=2026-09-30, dificultad=2, nombreEnemigos=[Antonio, Sofia, Raul]} |
2026-09-30 22:08:53.627 [main] DEBUG org.example.GestorEldenRing - +----------------------+
2026-09-30 22:08:53.627 [main] DEBUG org.example.GestorEldenRing - +----------------------+
2026-09-30 22:08:59.263 [main] DEBUG org.example.GestorEldenRing - +----------------------+
2026-09-30 22:08:59.265 [main] DEBUG org.example.GestorEldenRing - |      SIN LUZ         |
2026-09-30 22:08:59.265 [main] DEBUG org.example.GestorEldenRing - +----------------------+
2026-09-30 22:08:59.267 [main] DEBUG org.example.GestorEldenRing - | SinLuz{id=1, nombre='SinLuz1', encuentros=null} |
2026-09-30 22:08:59.268 [main] DEBUG org.example.GestorEldenRing - | SinLuz{id=2, nombre='SinLuz2', encuentros=null} |
2026-09-30 22:08:59.268 [main] DEBUG org.example.GestorEldenRing - | SinLuz{id=3, nombre='SinLuz3', encuentros=null} |
2026-09-30 22:08:59.268 [main] DEBUG org.example.GestorEldenRing - +----------------------+
2026-09-30 22:08:59.268 [main] DEBUG org.example.GestorEldenRing - +----------------------+
2026-09-30 22:08:59.274 [main] DEBUG org.example.GestorEldenRing - +----------------------+
2026-09-30 22:08:59.274 [main] DEBUG org.example.GestorEldenRing - |      ENCUENTROS        |
2026-09-30 22:08:59.274 [main] DEBUG org.example.GestorEldenRing - +----------------------+
2026-09-30 22:08:59.278 [main] DEBUG org.example.GestorEldenRing - | Encuentros{nombre='Encuentro 1', fechaEncuentro=2026-09-30, dificultad=5, nombreEnemigos=[Pedro, Maria, Juan]} |
2026-09-30 22:08:59.278 [main] DEBUG org.example.GestorEldenRing - | Encuentros{nombre='Encuentro 2', fechaEncuentro=2026-09-30, dificultad=1, nombreEnemigos=[Pepe, Salma, Lucas]} |
2026-09-30 22:08:59.279 [main] DEBUG org.example.GestorEldenRing - | Encuentros{nombre='Encuentro 3', fechaEncuentro=2026-09-30, dificultad=10, nombreEnemigos=[Sandra, Paula, Claudia]} |
2026-09-30 22:08:59.279 [main] DEBUG org.example.GestorEldenRing - | Encuentros{nombre='Encuentro 4', fechaEncuentro=2026-09-30, dificultad=7, nombreEnemigos=[Alberto, Laura, Diego]} |
2026-09-30 22:08:59.279 [main] DEBUG org.example.GestorEldenRing - | Encuentros{nombre='Encuentro 5', fechaEncuentro=2026-09-30, dificultad=3, nombreEnemigos=[Carlos, Elena, Mario]} |
2026-09-30 22:08:59.279 [main] DEBUG org.example.GestorEldenRing - | Encuentros{nombre='Encuentro 6', fechaEncuentro=2026-09-30, dificultad=8, nombreEnemigos=[Daniel, Lucia, Javier]} |
2026-09-30 22:08:59.279 [main] DEBUG org.example.GestorEldenRing - | Encuentros{nombre='Encuentro 7', fechaEncuentro=2026-09-30, dificultad=2, nombreEnemigos=[Antonio, Sofia, Raul]} |
2026-09-30 22:08:59.279 [main] DEBUG org.example.GestorEldenRing - +----------------------+
2026-09-30 22:08:59.279 [main] DEBUG org.example.GestorEldenRing - +----------------------+
2026-09-30 22:09:22.761 [main] DEBUG org.example.GestorEldenRing - +----------------------+
2026-09-30 22:09:22.763 [main] DEBUG org.example.GestorEldenRing - |      SIN LUZ         |
2026-09-30 22:09:22.763 [main] DEBUG org.example.GestorEldenRing - +----------------------+
2026-09-30 22:09:22.766 [main] DEBUG org.example.GestorEldenRing - | SinLuz{id=1, nombre='SinLuz1', encuentros=null} |
2026-09-30 22:09:22.766 [main] DEBUG org.example.GestorEldenRing - | SinLuz{id=2, nombre='SinLuz2', encuentros=null} |
2026-09-30 22:09:22.766 [main] DEBUG org.example.GestorEldenRing - | SinLuz{id=3, nombre='SinLuz3', encuentros=null} |
2026-09-30 22:09:22.766 [main] DEBUG org.example.GestorEldenRing - +----------------------+
2026-09-30 22:09:22.766 [main] DEBUG org.example.GestorEldenRing - +----------------------+
2026-09-30 22:09:22.773 [main] DEBUG org.example.GestorEldenRing - +----------------------+
2026-09-30 22:09:22.773 [main] DEBUG org.example.GestorEldenRing - |      ENCUENTROS        |
2026-09-30 22:09:22.773 [main] DEBUG org.example.GestorEldenRing - +----------------------+
2026-09-30 22:09:22.778 [main] DEBUG org.example.GestorEldenRing - | Encuentros{nombre='Encuentro 1', fechaEncuentro=2026-09-30, dificultad=5, nombreEnemigos=[Pedro, Maria, Juan]} |
2026-09-30 22:09:22.779 [main] DEBUG org.example.GestorEldenRing - | Encuentros{nombre='Encuentro 2', fechaEncuentro=2026-09-30, dificultad=1, nombreEnemigos=[Pepe, Salma, Lucas]} |
2026-09-30 22:09:22.779 [main] DEBUG org.example.GestorEldenRing - | Encuentros{nombre='Encuentro 3', fechaEncuentro=2026-09-30, dificultad=10, nombreEnemigos=[Sandra, Paula, Claudia]} |
2026-09-30 22:09:22.779 [main] DEBUG org.example.GestorEldenRing - | Encuentros{nombre='Encuentro 4', fechaEncuentro=2026-09-30, dificultad=7, nombreEnemigos=[Alberto, Laura, Diego]} |
2026-09-30 22:09:22.779 [main] DEBUG org.example.GestorEldenRing - | Encuentros{nombre='Encuentro 5', fechaEncuentro=2026-09-30, dificultad=3, nombreEnemigos=[Carlos, Elena, Mario]} |
2026-09-30 22:09:22.779 [main] DEBUG org.example.GestorEldenRing - | Encuentros{nombre='Encuentro 6', fechaEncuentro=2026-09-30, dificultad=8, nombreEnemigos=[Daniel, Lucia, Javier]} |
2026-09-30 22:09:22.779 [main] DEBUG org.example.GestorEldenRing - | Encuentros{nombre='Encuentro 7', fechaEncuentro=2026-09-30, dificultad=2, nombreEnemigos=[Antonio, Sofia, Raul]} |
2026-09-30 22:09:22.779 [main] DEBUG org.example.GestorEldenRing - +----------------------+
2026-09-30 22:09:22.779 [main] DEBUG org.example.GestorEldenRing - +----------------------+
2026-09-30 22:10:30.891 [main] DEBUG org.example.GestorEldenRing - +----------------------+
2026-09-30 22:10:30.893 [main] DEBUG org.example.GestorEldenRing - |      SIN LUZ         |
2026-09-30 22:10:30.893 [main] DEBUG org.example.GestorEldenRing - +----------------------+
2026-09-30 22:10:30.896 [main] DEBUG org.example.GestorEldenRing - | SinLuz{id=1, nombre='SinLuz1', encuentros=null} |
2026-09-30 22:10:30.896 [main] DEBUG org.example.GestorEldenRing - | SinLuz{id=2, nombre='SinLuz2', encuentros=null} |
2026-09-30 22:10:30.896 [main] DEBUG org.example.GestorEldenRing - | SinLuz{id=3, nombre='SinLuz3', encuentros=null} |
2026-09-30 22:10:30.896 [main] DEBUG org.example.GestorEldenRing - +----------------------+
2026-09-30 22:10:30.896 [main] DEBUG org.example.GestorEldenRing - +----------------------+
2026-09-30 22:10:30.902 [main] DEBUG org.example.GestorEldenRing - +----------------------+
2026-09-30 22:10:30.902 [main] DEBUG org.example.GestorEldenRing - |      ENCUENTROS        |
2026-09-30 22:10:30.902 [main] DEBUG org.example.GestorEldenRing - +----------------------+
2026-09-30 22:10:30.907 [main] DEBUG org.example.GestorEldenRing - | Encuentros{nombre='Encuentro 1', fechaEncuentro=2026-09-30, dificultad=5, nombreEnemigos=[Pedro, Maria, Juan]} |
2026-09-30 22:10:30.908 [main] DEBUG org.example.GestorEldenRing - | Encuentros{nombre='Encuentro 2', fechaEncuentro=2026-09-30, dificultad=1, nombreEnemigos=[Pepe, Salma, Lucas]} |
2026-09-30 22:10:30.908 [main] DEBUG org.example.GestorEldenRing - | Encuentros{nombre='Encuentro 3', fechaEncuentro=2026-09-30, dificultad=10, nombreEnemigos=[Sandra, Paula, Claudia]} |
2026-09-30 22:10:30.908 [main] DEBUG org.example.GestorEldenRing - | Encuentros{nombre='Encuentro 4', fechaEncuentro=2026-09-30, dificultad=7, nombreEnemigos=[Alberto, Laura, Diego]} |
2026-09-30 22:10:30.908 [main] DEBUG org.example.GestorEldenRing - | Encuentros{nombre='Encuentro 5', fechaEncuentro=2026-09-30, dificultad=3, nombreEnemigos=[Carlos, Elena, Mario]} |
2026-09-30 22:10:30.908 [main] DEBUG org.example.GestorEldenRing - | Encuentros{nombre='Encuentro 6', fechaEncuentro=2026-09-30, dificultad=8, nombreEnemigos=[Daniel, Lucia, Javier]} |
2026-09-30 22:10:30.908 [main] DEBUG org.example.GestorEldenRing - | Encuentros{nombre='Encuentro 7', fechaEncuentro=2026-09-30, dificultad=2, nombreEnemigos=[Antonio, Sofia, Raul]} |
2026-09-30 22:10:30.908 [main] DEBUG org.example.GestorEldenRing - +----------------------+
2026-09-30 22:10:30.908 [main] DEBUG org.example.GestorEldenRing - +----------------------+
2026-09-30 22:11:21.331 [main] DEBUG org.example.GestorEldenRing - +----------------------+
2026-09-30 22:11:21.333 [main] DEBUG org.example.GestorEldenRing - |      SIN LUZ         |
2026-09-30 22:11:21.333 [main] DEBUG org.example.GestorEldenRing - +----------------------+
2026-09-30 22:11:21.336 [main] DEBUG org.example.GestorEldenRing - | SinLuz{id=1, nombre='SinLuz1', encuentros=null} |
2026-09-30 22:11:21.336 [main] DEBUG org.example.GestorEldenRing - | SinLuz{id=2, nombre='SinLuz2', encuentros=null} |
2026-09-30 22:11:21.336 [main] DEBUG org.example.GestorEldenRing - | SinLuz{id=3, nombre='SinLuz3', encuentros=null} |
2026-09-30 22:11:21.336 [main] DEBUG org.example.GestorEldenRing - +----------------------+
2026-09-30 22:11:21.336 [main] DEBUG org.example.GestorEldenRing - +----------------------+
2026-09-30 22:11:21.343 [main] DEBUG org.example.GestorEldenRing - +----------------------+
2026-09-30 22:11:21.343 [main] DEBUG org.example.GestorEldenRing - |      ENCUENTROS        |
2026-09-30 22:11:21.343 [main] DEBUG org.example.GestorEldenRing - +----------------------+
2026-09-30 22:11:21.347 [main] DEBUG org.example.GestorEldenRing - | Encuentros{nombre='Encuentro 1', fechaEncuentro=2026-09-30, dificultad=5, nombreEnemigos=[Pedro, Maria, Juan]} |
2026-09-30 22:11:21.347 [main] DEBUG org.example.GestorEldenRing - | Encuentros{nombre='Encuentro 2', fechaEncuentro=2026-09-30, dificultad=1, nombreEnemigos=[Pepe, Salma, Lucas]} |
2026-09-30 22:11:21.347 [main] DEBUG org.example.GestorEldenRing - | Encuentros{nombre='Encuentro 3', fechaEncuentro=2026-09-30, dificultad=10, nombreEnemigos=[Sandra, Paula, Claudia]} |
2026-09-30 22:11:21.347 [main] DEBUG org.example.GestorEldenRing - | Encuentros{nombre='Encuentro 4', fechaEncuentro=2026-09-30, dificultad=7, nombreEnemigos=[Alberto, Laura, Diego]} |
2026-09-30 22:11:21.348 [main] DEBUG org.example.GestorEldenRing - | Encuentros{nombre='Encuentro 5', fechaEncuentro=2026-09-30, dificultad=3, nombreEnemigos=[Carlos, Elena, Mario]} |
2026-09-30 22:11:21.348 [main] DEBUG org.example.GestorEldenRing - | Encuentros{nombre='Encuentro 6', fechaEncuentro=2026-09-30, dificultad=8, nombreEnemigos=[Daniel, Lucia, Javier]} |
2026-09-30 22:11:21.348 [main] DEBUG org.example.GestorEldenRing - | Encuentros{nombre='Encuentro 7', fechaEncuentro=2026-09-30, dificultad=2, nombreEnemigos=[Antonio, Sofia, Raul]} |
2026-09-30 22:11:21.348 [main] DEBUG org.example.GestorEldenRing - +----------------------+
2026-09-30 22:11:21.348 [main] DEBUG org.example.GestorEldenRing - +----------------------+
2026-09-30 22:13:03.249 [main] DEBUG org.example.GestorEldenRing - +----------------------+
2026-09-30 22:13:03.252 [main] DEBUG org.example.GestorEldenRing - |      SIN LUZ         |
2026-09-30 22:13:03.252 [main] DEBUG org.example.GestorEldenRing - +----------------------+
2026-09-30 22:13:03.255 [main] DEBUG org.example.GestorEldenRing - | SinLuz{id=1, nombre='SinLuz1', encuentros=null} |
2026-09-30 22:13:03.255 [main] DEBUG org.example.GestorEldenRing - | SinLuz{id=2, nombre='SinLuz2', encuentros=null} |
2026-09-30 22:13:03.256 [main] DEBUG org.example.GestorEldenRing - | SinLuz{id=3, nombre='SinLuz3', encuentros=null} |
2026-09-30 22:13:03.256 [main] DEBUG org.example.GestorEldenRing - +----------------------+
2026-09-30 22:13:03.256 [main] DEBUG org.example.GestorEldenRing - +----------------------+
2026-09-30 22:13:03.264 [main] DEBUG org.example.GestorEldenRing - +----------------------+
2026-09-30 22:13:03.264 [main] DEBUG org.example.GestorEldenRing - |      ENCUENTROS        |
2026-09-30 22:13:03.264 [main] DEBUG org.example.GestorEldenRing - +----------------------+
2026-09-30 22:13:03.270 [main] DEBUG org.example.GestorEldenRing - | Encuentros{nombre='Encuentro 2', fechaEncuentro=2026-09-30, dificultad=1, nombreEnemigos=[Pepe, Salma, Lucas]} |
2026-09-30 22:13:03.270 [main] DEBUG org.example.GestorEldenRing - | Encuentros{nombre='Encuentro 3', fechaEncuentro=2026-09-30, dificultad=10, nombreEnemigos=[Sandra, Paula, Claudia]} |
2026-09-30 22:13:03.270 [main] DEBUG org.example.GestorEldenRing - | Encuentros{nombre='Encuentro 4', fechaEncuentro=2026-09-30, dificultad=7, nombreEnemigos=[Alberto, Laura, Diego]} |
2026-09-30 22:13:03.270 [main] DEBUG org.example.GestorEldenRing - | Encuentros{nombre='Encuentro 5', fechaEncuentro=2026-09-30, dificultad=3, nombreEnemigos=[Carlos, Elena, Mario]} |
2026-09-30 22:13:03.271 [main] DEBUG org.example.GestorEldenRing - | Encuentros{nombre='Encuentro 6', fechaEncuentro=2026-09-30, dificultad=8, nombreEnemigos=[Daniel, Lucia, Javier]} |
2026-09-30 22:13:03.271 [main] DEBUG org.example.GestorEldenRing - +----------------------+
2026-09-30 22:13:03.271 [main] DEBUG org.example.GestorEldenRing - +----------------------+
2026-09-30 22:13:51.326 [main] DEBUG org.example.GestorEldenRing - +----------------------+
2026-09-30 22:13:51.329 [main] DEBUG org.example.GestorEldenRing - |      SIN LUZ         |
2026-09-30 22:13:51.329 [main] DEBUG org.example.GestorEldenRing - +----------------------+
2026-09-30 22:13:51.330 [main] DEBUG org.example.GestorEldenRing - | SinLuz{id=1, nombre='SinLuz1', encuentros=null} |
2026-09-30 22:13:51.330 [main] DEBUG org.example.GestorEldenRing - | SinLuz{id=2, nombre='SinLuz2', encuentros=null} |
2026-09-30 22:13:51.330 [main] DEBUG org.example.GestorEldenRing - | SinLuz{id=3, nombre='SinLuz3', encuentros=null} |
2026-09-30 22:13:51.331 [main] DEBUG org.example.GestorEldenRing - +----------------------+
2026-09-30 22:13:51.331 [main] DEBUG org.example.GestorEldenRing - +----------------------+
2026-09-30 22:14:13.856 [main] DEBUG org.example.GestorEldenRing - +----------------------+
2026-09-30 22:14:13.858 [main] DEBUG org.example.GestorEldenRing - |      SIN LUZ         |
2026-09-30 22:14:13.858 [main] DEBUG org.example.GestorEldenRing - +----------------------+
2026-09-30 22:14:13.860 [main] DEBUG org.example.GestorEldenRing - | SinLuz{id=1, nombre='SinLuz1', encuentros=null} |
2026-09-30 22:14:13.860 [main] DEBUG org.example.GestorEldenRing - | SinLuz{id=2, nombre='SinLuz2', encuentros=null} |
2026-09-30 22:14:13.860 [main] DEBUG org.example.GestorEldenRing - | SinLuz{id=3, nombre='SinLuz3', encuentros=null} |
2026-09-30 22:14:13.860 [main] DEBUG org.example.GestorEldenRing - +----------------------+
2026-09-30 22:14:13.860 [main] DEBUG org.example.GestorEldenRing - +----------------------+
2026-09-30 22:14:13.866 [main] DEBUG org.example.GestorEldenRing - +----------------------+
2026-09-30 22:14:13.866 [main] DEBUG org.example.GestorEldenRing - |      ENCUENTROS        |
2026-09-30 22:14:13.867 [main] DEBUG org.example.GestorEldenRing - +----------------------+
2026-09-30 22:14:13.871 [main] DEBUG org.example.GestorEldenRing - | Encuentros{nombre='Encuentro 1', fechaEncuentro=2026-09-30, dificultad=5, nombreEnemigos=[Pedro, Maria, Juan]} |
2026-09-30 22:14:13.871 [main] DEBUG org.example.GestorEldenRing - | Encuentros{nombre='Encuentro 2', fechaEncuentro=2026-09-30, dificultad=1, nombreEnemigos=[Pepe, Salma, Lucas]} |
2026-09-30 22:14:13.871 [main] DEBUG org.example.GestorEldenRing - | Encuentros{nombre='Encuentro 3', fechaEncuentro=2026-09-30, dificultad=10, nombreEnemigos=[Sandra, Paula, Claudia]} |
2026-09-30 22:14:13.871 [main] DEBUG org.example.GestorEldenRing - | Encuentros{nombre='Encuentro 4', fechaEncuentro=2026-09-30, dificultad=7, nombreEnemigos=[Alberto, Laura, Diego]} |
2026-09-30 22:14:13.871 [main] DEBUG org.example.GestorEldenRing - | Encuentros{nombre='Encuentro 5', fechaEncuentro=2026-09-30, dificultad=3, nombreEnemigos=[Carlos, Elena, Mario]} |
2026-09-30 22:14:13.871 [main] DEBUG org.example.GestorEldenRing - | Encuentros{nombre='Encuentro 6', fechaEncuentro=2026-09-30, dificultad=8, nombreEnemigos=[Daniel, Lucia, Javier]} |
2026-09-30 22:14:13.872 [main] DEBUG org.example.GestorEldenRing - | Encuentros{nombre='Encuentro 7', fechaEncuentro=2026-09-30, dificultad=2, nombreEnemigos=[Antonio, Sofia, Raul]} |
2026-09-30 22:14:13.872 [main] DEBUG org.example.GestorEldenRing - +----------------------+
2026-09-30 22:14:13.872 [main] DEBUG org.example.GestorEldenRing - +----------------------+
2026-09-30 22:14:34.546 [main] DEBUG org.example.GestorEldenRing - +----------------------+
2026-09-30 22:14:34.549 [main] DEBUG org.example.GestorEldenRing - |      SIN LUZ         |
2026-09-30 22:14:34.549 [main] DEBUG org.example.GestorEldenRing - +----------------------+
2026-09-30 22:14:34.551 [main] DEBUG org.example.GestorEldenRing - | SinLuz{id=1, nombre='SinLuz1', encuentros=null} |
2026-09-30 22:14:34.551 [main] DEBUG org.example.GestorEldenRing - | SinLuz{id=2, nombre='SinLuz2', encuentros=null} |
2026-09-30 22:14:34.552 [main] DEBUG org.example.GestorEldenRing - | SinLuz{id=3, nombre='SinLuz3', encuentros=null} |
2026-09-30 22:14:34.552 [main] DEBUG org.example.GestorEldenRing - +----------------------+
2026-09-30 22:14:34.552 [main] DEBUG org.example.GestorEldenRing - +----------------------+
2026-09-30 22:14:34.560 [main] DEBUG org.example.GestorEldenRing - +----------------------+
2026-09-30 22:14:34.561 [main] DEBUG org.example.GestorEldenRing - |      ENCUENTROS        |
2026-09-30 22:14:34.561 [main] DEBUG org.example.GestorEldenRing - +----------------------+
2026-09-30 22:14:34.565 [main] DEBUG org.example.GestorEldenRing - | Encuentros{nombre='Encuentro 1', fechaEncuentro=2026-09-30, dificultad=5, nombreEnemigos=[Pedro, Maria, Juan]} |
2026-09-30 22:14:34.565 [main] DEBUG org.example.GestorEldenRing - | Encuentros{nombre='Encuentro 2', fechaEncuentro=2026-09-30, dificultad=1, nombreEnemigos=[Pepe, Salma, Lucas]} |
2026-09-30 22:14:34.565 [main] DEBUG org.example.GestorEldenRing - | Encuentros{nombre='Encuentro 3', fechaEncuentro=2026-09-30, dificultad=10, nombreEnemigos=[Sandra, Paula, Claudia]} |
2026-09-30 22:14:34.566 [main] DEBUG org.example.GestorEldenRing - | Encuentros{nombre='Encuentro 4', fechaEncuentro=2026-09-30, dificultad=7, nombreEnemigos=[Alberto, Laura, Diego]} |
2026-09-30 22:14:34.566 [main] DEBUG org.example.GestorEldenRing - | Encuentros{nombre='Encuentro 5', fechaEncuentro=2026-09-30, dificultad=3, nombreEnemigos=[Carlos, Elena, Mario]} |
2026-09-30 22:14:34.566 [main] DEBUG org.example.GestorEldenRing - | Encuentros{nombre='Encuentro 6', fechaEncuentro=2026-09-30, dificultad=8, nombreEnemigos=[Daniel, Lucia, Javier]} |
2026-09-30 22:14:34.566 [main] DEBUG org.example.GestorEldenRing - | Encuentros{nombre='Encuentro 7', fechaEncuentro=2026-09-30, dificultad=2, nombreEnemigos=[Antonio, Sofia, Raul]} |
2026-09-30 22:14:34.566 [main] DEBUG org.example.GestorEldenRing - +----------------------+
2026-09-30 22:14:34.566 [main] DEBUG org.example.GestorEldenRing - +----------------------+
2026-09-30 22:14:50.198 [main] DEBUG org.example.GestorEldenRing - +----------------------+
2026-09-30 22:14:50.200 [main] DEBUG org.example.GestorEldenRing - |      SIN LUZ         |
2026-09-30 22:14:50.200 [main] DEBUG org.example.GestorEldenRing - +----------------------+
2026-09-30 22:14:50.202 [main] DEBUG org.example.GestorEldenRing - | SinLuz{id=1, nombre='SinLuz1', encuentros=null} |
2026-09-30 22:14:50.202 [main] DEBUG org.example.GestorEldenRing - | SinLuz{id=2, nombre='SinLuz2', encuentros=null} |
2026-09-30 22:14:50.203 [main] DEBUG org.example.GestorEldenRing - | SinLuz{id=3, nombre='SinLuz3', encuentros=null} |
2026-09-30 22:14:50.203 [main] DEBUG org.example.GestorEldenRing - +----------------------+
2026-09-30 22:14:50.203 [main] DEBUG org.example.GestorEldenRing - +----------------------+
2026-09-30 22:14:50.211 [main] DEBUG org.example.GestorEldenRing - +----------------------+
2026-09-30 22:14:50.211 [main] DEBUG org.example.GestorEldenRing - |      ENCUENTROS        |
2026-09-30 22:14:50.212 [main] DEBUG org.example.GestorEldenRing - +----------------------+
2026-09-30 22:14:50.216 [main] DEBUG org.example.GestorEldenRing - | Encuentros{nombre='Encuentro 1', fechaEncuentro=2026-09-30, dificultad=5, nombreEnemigos=[Pedro, Maria, Juan]} |
2026-09-30 22:14:50.216 [main] DEBUG org.example.GestorEldenRing - | Encuentros{nombre='Encuentro 2', fechaEncuentro=2026-09-30, dificultad=1, nombreEnemigos=[Pepe, Salma, Lucas]} |
2026-09-30 22:14:50.216 [main] DEBUG org.example.GestorEldenRing - | Encuentros{nombre='Encuentro 3', fechaEncuentro=2026-09-30, dificultad=10, nombreEnemigos=[Sandra, Paula, Claudia]} |
2026-09-30 22:14:50.216 [main] DEBUG org.example.GestorEldenRing - | Encuentros{nombre='Encuentro 4', fechaEncuentro=2026-09-30, dificultad=7, nombreEnemigos=[Alberto, Laura, Diego]} |
2026-09-30 22:14:50.216 [main] DEBUG org.example.GestorEldenRing - | Encuentros{nombre='Encuentro 5', fechaEncuentro=2026-09-30, dificultad=3, nombreEnemigos=[Carlos, Elena, Mario]} |
2026-09-30 22:14:50.216 [main] DEBUG org.example.GestorEldenRing - | Encuentros{nombre='Encuentro 6', fechaEncuentro=2026-09-30, dificultad=8, nombreEnemigos=[Daniel, Lucia, Javier]} |
2026-09-30 22:14:50.216 [main] DEBUG org.example.GestorEldenRing - | Encuentros{nombre='Encuentro 7', fechaEncuentro=2026-09-30, dificultad=2, nombreEnemigos=[Antonio, Sofia, Raul]} |
2026-09-30 22:14:50.216 [main] DEBUG org.example.GestorEldenRing - +----------------------+
2026-09-30 22:14:50.216 [main] DEBUG org.example.GestorEldenRing - +----------------------+
2026-09-30 22:14:50.216 [main] DEBUG org.example.GestorEldenRing - +----------------------+
2026-09-30 22:14:50.216 [main] DEBUG org.example.GestorEldenRing - |      SIN LUZ         |
2026-09-30 22:14:50.216 [main] DEBUG org.example.GestorEldenRing - +----------------------+
2026-09-30 22:14:50.216 [main] DEBUG org.example.GestorEldenRing - | SinLuz{id=1, nombre='SinLuz1', encuentros=null} |
2026-09-30 22:14:50.216 [main] DEBUG org.example.GestorEldenRing - | SinLuz{id=2, nombre='SinLuz2', encuentros=null} |
2026-09-30 22:14:50.217 [main] DEBUG org.example.GestorEldenRing - | SinLuz{id=3, nombre='SinLuz3', encuentros=null} |
2026-09-30 22:14:50.217 [main] DEBUG org.example.GestorEldenRing - +----------------------+
2026-09-30 22:14:50.217 [main] DEBUG org.example.GestorEldenRing - +----------------------+
2026-09-30 22:18:47.512 [main] DEBUG org.example.GestorEldenRing - +----------------------+
2026-09-30 22:18:47.514 [main] DEBUG org.example.GestorEldenRing - |      SIN LUZ         |
2026-09-30 22:18:47.514 [main] DEBUG org.example.GestorEldenRing - +----------------------+
2026-09-30 22:18:47.516 [main] DEBUG org.example.GestorEldenRing - | SinLuz{id=1, nombre='SinLuz1', encuentros=null} |
2026-09-30 22:18:47.516 [main] DEBUG org.example.GestorEldenRing - | SinLuz{id=2, nombre='SinLuz2', encuentros=null} |
2026-09-30 22:18:47.516 [main] DEBUG org.example.GestorEldenRing - | SinLuz{id=3, nombre='SinLuz3', encuentros=null} |
2026-09-30 22:18:47.516 [main] DEBUG org.example.GestorEldenRing - +----------------------+
2026-09-30 22:18:47.516 [main] DEBUG org.example.GestorEldenRing - +----------------------+
2026-09-30 22:20:19.747 [main] DEBUG org.example.GestorEldenRing - +----------------------+
2026-09-30 22:20:19.749 [main] DEBUG org.example.GestorEldenRing - |      SIN LUZ         |
2026-09-30 22:20:19.749 [main] DEBUG org.example.GestorEldenRing - +----------------------+
2026-09-30 22:20:19.751 [main] DEBUG org.example.GestorEldenRing - | SinLuz{id=1, nombre='SinLuz1', encuentros=null} |
2026-09-30 22:20:19.752 [main] DEBUG org.example.GestorEldenRing - | SinLuz{id=2, nombre='SinLuz2', encuentros=null} |
2026-09-30 22:20:19.752 [main] DEBUG org.example.GestorEldenRing - | SinLuz{id=3, nombre='SinLuz3', encuentros=null} |
2026-09-30 22:20:19.752 [main] DEBUG org.example.GestorEldenRing - +----------------------+
2026-09-30 22:20:19.752 [main] DEBUG org.example.GestorEldenRing - +----------------------+
2026-09-30 22:21:04.180 [main] DEBUG org.example.GestorEldenRing - +----------------------+
2026-09-30 22:21:04.182 [main] DEBUG org.example.GestorEldenRing - |      SIN LUZ         |
2026-09-30 22:21:04.182 [main] DEBUG org.example.GestorEldenRing - +----------------------+
2026-09-30 22:21:04.184 [main] DEBUG org.example.GestorEldenRing - | SinLuz{id=1, nombre='SinLuz1', encuentros=null} |
2026-09-30 22:21:04.184 [main] DEBUG org.example.GestorEldenRing - | SinLuz{id=2, nombre='SinLuz2', encuentros=null} |
2026-09-30 22:21:04.184 [main] DEBUG org.example.GestorEldenRing - | SinLuz{id=3, nombre='SinLuz3', encuentros=null} |
2026-09-30 22:21:04.184 [main] DEBUG org.example.GestorEldenRing - +----------------------+
2026-09-30 22:21:04.184 [main] DEBUG org.example.GestorEldenRing - +----------------------+
2026-09-30 22:21:47.959 [main] DEBUG org.example.GestorEldenRing - +----------------------+
2026-09-30 22:21:47.961 [main] DEBUG org.example.GestorEldenRing - |      SIN LUZ         |
2026-09-30 22:21:47.961 [main] DEBUG org.example.GestorEldenRing - +----------------------+
2026-09-30 22:21:47.963 [main] DEBUG org.example.GestorEldenRing - | SinLuz{id=1, nombre='SinLuz1', encuentros=null} |
2026-09-30 22:21:47.963 [main] DEBUG org.example.GestorEldenRing - | SinLuz{id=2, nombre='SinLuz2', encuentros=null} |
2026-09-30 22:21:47.964 [main] DEBUG org.example.GestorEldenRing - | SinLuz{id=3, nombre='SinLuz3', encuentros=null} |
2026-09-30 22:21:47.964 [main] DEBUG org.example.GestorEldenRing - +----------------------+
2026-09-30 22:21:47.964 [main] DEBUG org.example.GestorEldenRing - +----------------------+
2026-09-30 22:22:06.874 [main] DEBUG org.example.GestorEldenRing - +----------------------+
2026-09-30 22:22:06.877 [main] DEBUG org.example.GestorEldenRing - |      SIN LUZ         |
2026-09-30 22:22:06.877 [main] DEBUG org.example.GestorEldenRing - +----------------------+
2026-09-30 22:22:06.882 [main] DEBUG org.example.GestorEldenRing - | SinLuz{id=1, nombre='SinLuz1', encuentros=null} |
2026-09-30 22:22:06.882 [main] DEBUG org.example.GestorEldenRing - | SinLuz{id=2, nombre='SinLuz2', encuentros=null} |
2026-09-30 22:22:06.882 [main] DEBUG org.example.GestorEldenRing - | SinLuz{id=3, nombre='SinLuz3', encuentros=null} |
2026-09-30 22:22:06.882 [main] DEBUG org.example.GestorEldenRing - +----------------------+
2026-09-30 22:22:06.882 [main] DEBUG org.example.GestorEldenRing - +----------------------+
2026-09-30 22:23:09.972 [main] DEBUG org.example.GestorEldenRing - +----------------------+
2026-09-30 22:23:09.974 [main] DEBUG org.example.GestorEldenRing - |      SIN LUZ         |
2026-09-30 22:23:09.974 [main] DEBUG org.example.GestorEldenRing - +----------------------+
2026-09-30 22:23:09.976 [main] DEBUG org.example.GestorEldenRing - | SinLuz{id=1, nombre='SinLuz1', encuentros=null} |
2026-09-30 22:23:09.976 [main] DEBUG org.example.GestorEldenRing - | SinLuz{id=2, nombre='SinLuz2', encuentros=null} |
2026-09-30 22:23:09.976 [main] DEBUG org.example.GestorEldenRing - | SinLuz{id=3, nombre='SinLuz3', encuentros=null} |
2026-09-30 22:23:09.976 [main] DEBUG org.example.GestorEldenRing - +----------------------+
2026-09-30 22:23:09.976 [main] DEBUG org.example.GestorEldenRing - +----------------------+
2026-09-30 22:24:28.142 [main] DEBUG org.example.GestorEldenRing - +----------------------+
2026-09-30 22:24:28.144 [main] DEBUG org.example.GestorEldenRing - |      SIN LUZ         |
2026-09-30 22:24:28.144 [main] DEBUG org.example.GestorEldenRing - +----------------------+
2026-09-30 22:24:28.146 [main] DEBUG org.example.GestorEldenRing - | SinLuz{id=1, nombre='SinLuz1', encuentros=[]} |
2026-09-30 22:24:28.146 [main] DEBUG org.example.GestorEldenRing - | SinLuz{id=2, nombre='SinLuz2', encuentros=[]} |
2026-09-30 22:24:28.146 [main] DEBUG org.example.GestorEldenRing - | SinLuz{id=3, nombre='SinLuz3', encuentros=[]} |
2026-09-30 22:24:28.146 [main] DEBUG org.example.GestorEldenRing - +----------------------+
2026-09-30 22:24:28.146 [main] DEBUG org.example.GestorEldenRing - +----------------------+
2026-09-30 22:24:28.154 [main] DEBUG org.example.GestorEldenRing - +----------------------+
2026-09-30 22:24:28.154 [main] DEBUG org.example.GestorEldenRing - |      ENCUENTROS        |
2026-09-30 22:24:28.154 [main] DEBUG org.example.GestorEldenRing - +----------------------+
2026-09-30 22:24:28.160 [main] DEBUG org.example.GestorEldenRing - | Encuentros{nombre='Encuentro 1', fechaEncuentro=2026-09-30, dificultad=5, nombreEnemigos=[Pedro, Maria, Juan]} |
2026-09-30 22:24:28.160 [main] DEBUG org.example.GestorEldenRing - | Encuentros{nombre='Encuentro 2', fechaEncuentro=2026-09-30, dificultad=1, nombreEnemigos=[Pepe, Salma, Lucas]} |
2026-09-30 22:24:28.160 [main] DEBUG org.example.GestorEldenRing - | Encuentros{nombre='Encuentro 3', fechaEncuentro=2026-09-30, dificultad=10, nombreEnemigos=[Sandra, Paula, Claudia]} |
2026-09-30 22:24:28.160 [main] DEBUG org.example.GestorEldenRing - | Encuentros{nombre='Encuentro 4', fechaEncuentro=2026-09-30, dificultad=7, nombreEnemigos=[Alberto, Laura, Diego]} |
2026-09-30 22:24:28.161 [main] DEBUG org.example.GestorEldenRing - | Encuentros{nombre='Encuentro 5', fechaEncuentro=2026-09-30, dificultad=3, nombreEnemigos=[Carlos, Elena, Mario]} |
2026-09-30 22:24:28.161 [main] DEBUG org.example.GestorEldenRing - | Encuentros{nombre='Encuentro 6', fechaEncuentro=2026-09-30, dificultad=8, nombreEnemigos=[Daniel, Lucia, Javier]} |
2026-09-30 22:24:28.161 [main] DEBUG org.example.GestorEldenRing - | Encuentros{nombre='Encuentro 7', fechaEncuentro=2026-09-30, dificultad=2, nombreEnemigos=[Antonio, Sofia, Raul]} |
2026-09-30 22:24:28.161 [main] DEBUG org.example.GestorEldenRing - +----------------------+
2026-09-30 22:24:28.161 [main] DEBUG org.example.GestorEldenRing - +----------------------+
2026-09-30 22:24:28.161 [main] DEBUG org.example.GestorEldenRing - +----------------------+
2026-09-30 22:24:28.161 [main] DEBUG org.example.GestorEldenRing - |      SIN LUZ         |
2026-09-30 22:24:28.161 [main] DEBUG org.example.GestorEldenRing - +----------------------+
2026-09-30 22:24:28.161 [main] DEBUG org.example.GestorEldenRing - | SinLuz{id=1, nombre='SinLuz1', encuentros=[Encuentros{nombre='Encuentro 2', fechaEncuentro=2026-09-30, dificultad=1, nombreEnemigos=[Pepe, Salma, Lucas]}]} |
2026-09-30 22:24:28.161 [main] DEBUG org.example.GestorEldenRing - | SinLuz{id=2, nombre='SinLuz2', encuentros=[Encuentros{nombre='Encuentro 3', fechaEncuentro=2026-09-30, dificultad=10, nombreEnemigos=[Sandra, Paula, Claudia]}, Encuentros{nombre='Encuentro 4', fechaEncuentro=2026-09-30, dificultad=7, nombreEnemigos=[Alberto, Laura, Diego]}]} |
2026-09-30 22:24:28.162 [main] DEBUG org.example.GestorEldenRing - | SinLuz{id=3, nombre='SinLuz3', encuentros=[Encuentros{nombre='Encuentro 5', fechaEncuentro=2026-09-30, dificultad=3, nombreEnemigos=[Carlos, Elena, Mario]}, Encuentros{nombre='Encuentro 6', fechaEncuentro=2026-09-30, dificultad=8, nombreEnemigos=[Daniel, Lucia, Javier]}]} |
2026-09-30 22:24:28.162 [main] DEBUG org.example.GestorEldenRing - | SinLuz{id=1, nombre='SinLuz1', encuentros=[Encuentros{nombre='Encuentro 2', fechaEncuentro=2026-09-30, dificultad=1, nombreEnemigos=[Pepe, Salma, Lucas]}]} |
2026-09-30 22:24:28.162 [main] DEBUG org.example.GestorEldenRing - | SinLuz{id=2, nombre='SinLuz2', encuentros=[Encuentros{nombre='Encuentro 3', fechaEncuentro=2026-09-30, dificultad=10, nombreEnemigos=[Sandra, Paula, Claudia]}, Encuentros{nombre='Encuentro 4', fechaEncuentro=2026-09-30, dificultad=7, nombreEnemigos=[Alberto, Laura, Diego]}]} |
2026-09-30 22:24:28.162 [main] DEBUG org.example.GestorEldenRing - | SinLuz{id=2, nombre='SinLuz2', encuentros=[Encuentros{nombre='Encuentro 3', fechaEncuentro=2026-09-30, dificultad=10, nombreEnemigos=[Sandra, Paula, Claudia]}, Encuentros{nombre='Encuentro 4', fechaEncuentro=2026-09-30, dificultad=7, nombreEnemigos=[Alberto, Laura, Diego]}]} |
2026-09-30 22:24:28.162 [main] DEBUG org.example.GestorEldenRing - | SinLuz{id=3, nombre='SinLuz3', encuentros=[Encuentros{nombre='Encuentro 5', fechaEncuentro=2026-09-30, dificultad=3, nombreEnemigos=[Carlos, Elena, Mario]}, Encuentros{nombre='Encuentro 6', fechaEncuentro=2026-09-30, dificultad=8, nombreEnemigos=[Daniel, Lucia, Javier]}]} |
2026-09-30 22:24:28.162 [main] DEBUG org.example.GestorEldenRing - | SinLuz{id=3, nombre='SinLuz3', encuentros=[Encuentros{nombre='Encuentro 5', fechaEncuentro=2026-09-30, dificultad=3, nombreEnemigos=[Carlos, Elena, Mario]}, Encuentros{nombre='Encuentro 6', fechaEncuentro=2026-09-30, dificultad=8, nombreEnemigos=[Daniel, Lucia, Javier]}]} |
2026-09-30 22:24:28.163 [main] DEBUG org.example.GestorEldenRing - +----------------------+
2026-09-30 22:24:28.163 [main] DEBUG org.example.GestorEldenRing - +----------------------+
2026-09-30 22:36:47.000 [main] DEBUG org.example.GestorEldenRing - +----------------------+
2026-09-30 22:36:47.002 [main] DEBUG org.example.GestorEldenRing - |      SIN LUZ         |
2026-09-30 22:36:47.002 [main] DEBUG org.example.GestorEldenRing - +----------------------+
2026-09-30 22:36:47.004 [main] DEBUG org.example.GestorEldenRing - | SinLuz{id=1, nombre='SinLuz1', encuentros=[]} |
2026-09-30 22:36:47.004 [main] DEBUG org.example.GestorEldenRing - | SinLuz{id=2, nombre='SinLuz2', encuentros=[]} |
2026-09-30 22:36:47.004 [main] DEBUG org.example.GestorEldenRing - | SinLuz{id=3, nombre='SinLuz3', encuentros=[]} |
2026-09-30 22:36:47.004 [main] DEBUG org.example.GestorEldenRing - +----------------------+
2026-09-30 22:36:47.004 [main] DEBUG org.example.GestorEldenRing - +----------------------+
2026-09-30 22:36:47.014 [main] DEBUG org.example.GestorEldenRing - +----------------------+
2026-09-30 22:36:47.014 [main] DEBUG org.example.GestorEldenRing - |      ENCUENTROS        |
2026-09-30 22:36:47.014 [main] DEBUG org.example.GestorEldenRing - +----------------------+
2026-09-30 22:36:47.018 [main] DEBUG org.example.GestorEldenRing - | Encuentros{nombre='Encuentro 1', fechaEncuentro=2026-09-30, dificultad=5, nombreEnemigos=[Pedro, Maria, Juan]} |
2026-09-30 22:36:47.019 [main] DEBUG org.example.GestorEldenRing - | Encuentros{nombre='Encuentro 2', fechaEncuentro=2026-09-30, dificultad=1, nombreEnemigos=[Pepe, Salma, Lucas]} |
2026-09-30 22:36:47.019 [main] DEBUG org.example.GestorEldenRing - | Encuentros{nombre='Encuentro 3', fechaEncuentro=2026-09-30, dificultad=10, nombreEnemigos=[Sandra, Paula, Claudia]} |
2026-09-30 22:36:47.019 [main] DEBUG org.example.GestorEldenRing - | Encuentros{nombre='Encuentro 4', fechaEncuentro=2026-09-30, dificultad=7, nombreEnemigos=[Alberto, Laura, Diego]} |
2026-09-30 22:36:47.019 [main] DEBUG org.example.GestorEldenRing - | Encuentros{nombre='Encuentro 5', fechaEncuentro=2026-09-30, dificultad=3, nombreEnemigos=[Carlos, Elena, Mario]} |
2026-09-30 22:36:47.019 [main] DEBUG org.example.GestorEldenRing - | Encuentros{nombre='Encuentro 6', fechaEncuentro=2026-09-30, dificultad=8, nombreEnemigos=[Daniel, Lucia, Javier]} |
2026-09-30 22:36:47.019 [main] DEBUG org.example.GestorEldenRing - | Encuentros{nombre='Encuentro 7', fechaEncuentro=2026-09-30, dificultad=2, nombreEnemigos=[Antonio, Sofia, Raul]} |
2026-09-30 22:36:47.019 [main] DEBUG org.example.GestorEldenRing - +----------------------+
2026-09-30 22:36:47.019 [main] DEBUG org.example.GestorEldenRing - +----------------------+
2026-09-30 22:36:47.019 [main] DEBUG org.example.GestorEldenRing - +----------------------+
2026-09-30 22:36:47.019 [main] DEBUG org.example.GestorEldenRing - |      SIN LUZ         |
2026-09-30 22:36:47.019 [main] DEBUG org.example.GestorEldenRing - +----------------------+
2026-09-30 22:36:47.020 [main] DEBUG org.example.GestorEldenRing - | SinLuz{id=1, nombre='SinLuz1', encuentros=[Encuentros{nombre='Encuentro 2', fechaEncuentro=2026-09-30, dificultad=1, nombreEnemigos=[Pepe, Salma, Lucas]}]} |
2026-09-30 22:36:47.020 [main] DEBUG org.example.GestorEldenRing - | SinLuz{id=2, nombre='SinLuz2', encuentros=[Encuentros{nombre='Encuentro 3', fechaEncuentro=2026-09-30, dificultad=10, nombreEnemigos=[Sandra, Paula, Claudia]}, Encuentros{nombre='Encuentro 4', fechaEncuentro=2026-09-30, dificultad=7, nombreEnemigos=[Alberto, Laura, Diego]}]} |
2026-09-30 22:36:47.020 [main] DEBUG org.example.GestorEldenRing - | SinLuz{id=3, nombre='SinLuz3', encuentros=[Encuentros{nombre='Encuentro 5', fechaEncuentro=2026-09-30, dificultad=3, nombreEnemigos=[Carlos, Elena, Mario]}, Encuentros{nombre='Encuentro 6', fechaEncuentro=2026-09-30, dificultad=8, nombreEnemigos=[Daniel, Lucia, Javier]}]} |
2026-09-30 22:36:47.020 [main] DEBUG org.example.GestorEldenRing - | SinLuz{id=1, nombre='SinLuz1', encuentros=[Encuentros{nombre='Encuentro 2', fechaEncuentro=2026-09-30, dificultad=1, nombreEnemigos=[Pepe, Salma, Lucas]}]} |
2026-09-30 22:36:47.020 [main] DEBUG org.example.GestorEldenRing - | SinLuz{id=2, nombre='SinLuz2', encuentros=[Encuentros{nombre='Encuentro 3', fechaEncuentro=2026-09-30, dificultad=10, nombreEnemigos=[Sandra, Paula, Claudia]}, Encuentros{nombre='Encuentro 4', fechaEncuentro=2026-09-30, dificultad=7, nombreEnemigos=[Alberto, Laura, Diego]}]} |
2026-09-30 22:36:47.021 [main] DEBUG org.example.GestorEldenRing - | SinLuz{id=2, nombre='SinLuz2', encuentros=[Encuentros{nombre='Encuentro 3', fechaEncuentro=2026-09-30, dificultad=10, nombreEnemigos=[Sandra, Paula, Claudia]}, Encuentros{nombre='Encuentro 4', fechaEncuentro=2026-09-30, dificultad=7, nombreEnemigos=[Alberto, Laura, Diego]}]} |
2026-09-30 22:36:47.021 [main] DEBUG org.example.GestorEldenRing - | SinLuz{id=3, nombre='SinLuz3', encuentros=[Encuentros{nombre='Encuentro 5', fechaEncuentro=2026-09-30, dificultad=3, nombreEnemigos=[Carlos, Elena, Mario]}, Encuentros{nombre='Encuentro 6', fechaEncuentro=2026-09-30, dificultad=8, nombreEnemigos=[Daniel, Lucia, Javier]}]} |
2026-09-30 22:36:47.021 [main] DEBUG org.example.GestorEldenRing - | SinLuz{id=3, nombre='SinLuz3', encuentros=[Encuentros{nombre='Encuentro 5', fechaEncuentro=2026-09-30, dificultad=3, nombreEnemigos=[Carlos, Elena, Mario]}, Encuentros{nombre='Encuentro 6', fechaEncuentro=2026-09-30, dificultad=8, nombreEnemigos=[Daniel, Lucia, Javier]}]} |
2026-09-30 22:36:47.021 [main] DEBUG org.example.GestorEldenRing - +----------------------+
2026-09-30 22:36:47.021 [main] DEBUG org.example.GestorEldenRing - +----------------------+
2026-09-30 22:36:47.834 [main] DEBUG org.example.GestorEldenRing - +----------------------+
2026-09-30 22:36:47.836 [main] DEBUG org.example.GestorEldenRing - |      SIN LUZ         |
2026-09-30 22:36:47.837 [main] DEBUG org.example.GestorEldenRing - +----------------------+
2026-09-30 22:36:47.839 [main] DEBUG org.example.GestorEldenRing - | SinLuz{id=1, nombre='SinLuz1', encuentros=[]} |
2026-09-30 22:36:47.840 [main] DEBUG org.example.GestorEldenRing - | SinLuz{id=2, nombre='SinLuz2', encuentros=[]} |
2026-09-30 22:36:47.840 [main] DEBUG org.example.GestorEldenRing - | SinLuz{id=3, nombre='SinLuz3', encuentros=[]} |
2026-09-30 22:36:47.840 [main] DEBUG org.example.GestorEldenRing - +----------------------+
2026-09-30 22:36:47.840 [main] DEBUG org.example.GestorEldenRing - +----------------------+
2026-09-30 22:36:47.849 [main] DEBUG org.example.GestorEldenRing - +----------------------+
2026-09-30 22:36:47.849 [main] DEBUG org.example.GestorEldenRing - |      ENCUENTROS        |
2026-09-30 22:36:47.849 [main] DEBUG org.example.GestorEldenRing - +----------------------+
2026-09-30 22:36:47.854 [main] DEBUG org.example.GestorEldenRing - | Encuentros{nombre='Encuentro 1', fechaEncuentro=2026-09-30, dificultad=5, nombreEnemigos=[Pedro, Maria, Juan]} |
2026-09-30 22:36:47.854 [main] DEBUG org.example.GestorEldenRing - | Encuentros{nombre='Encuentro 2', fechaEncuentro=2026-09-30, dificultad=1, nombreEnemigos=[Pepe, Salma, Lucas]} |
2026-09-30 22:36:47.854 [main] DEBUG org.example.GestorEldenRing - | Encuentros{nombre='Encuentro 3', fechaEncuentro=2026-09-30, dificultad=10, nombreEnemigos=[Sandra, Paula, Claudia]} |
2026-09-30 22:36:47.854 [main] DEBUG org.example.GestorEldenRing - | Encuentros{nombre='Encuentro 4', fechaEncuentro=2026-09-30, dificultad=7, nombreEnemigos=[Alberto, Laura, Diego]} |
2026-09-30 22:36:47.854 [main] DEBUG org.example.GestorEldenRing - | Encuentros{nombre='Encuentro 5', fechaEncuentro=2026-09-30, dificultad=3, nombreEnemigos=[Carlos, Elena, Mario]} |
2026-09-30 22:36:47.854 [main] DEBUG org.example.GestorEldenRing - | Encuentros{nombre='Encuentro 6', fechaEncuentro=2026-09-30, dificultad=8, nombreEnemigos=[Daniel, Lucia, Javier]} |
2026-09-30 22:36:47.855 [main] DEBUG org.example.GestorEldenRing - | Encuentros{nombre='Encuentro 7', fechaEncuentro=2026-09-30, dificultad=2, nombreEnemigos=[Antonio, Sofia, Raul]} |
2026-09-30 22:36:47.855 [main] DEBUG org.example.GestorEldenRing - +----------------------+
2026-09-30 22:36:47.855 [main] DEBUG org.example.GestorEldenRing - +----------------------+
2026-09-30 22:36:47.855 [main] DEBUG org.example.GestorEldenRing - +----------------------+
2026-09-30 22:36:47.855 [main] DEBUG org.example.GestorEldenRing - |      SIN LUZ         |
2026-09-30 22:36:47.855 [main] DEBUG org.example.GestorEldenRing - +----------------------+
2026-09-30 22:36:47.855 [main] DEBUG org.example.GestorEldenRing - | SinLuz{id=1, nombre='SinLuz1', encuentros=[Encuentros{nombre='Encuentro 2', fechaEncuentro=2026-09-30, dificultad=1, nombreEnemigos=[Pepe, Salma, Lucas]}]} |
2026-09-30 22:36:47.855 [main] DEBUG org.example.GestorEldenRing - | SinLuz{id=2, nombre='SinLuz2', encuentros=[Encuentros{nombre='Encuentro 3', fechaEncuentro=2026-09-30, dificultad=10, nombreEnemigos=[Sandra, Paula, Claudia]}, Encuentros{nombre='Encuentro 4', fechaEncuentro=2026-09-30, dificultad=7, nombreEnemigos=[Alberto, Laura, Diego]}]} |
2026-09-30 22:36:47.855 [main] DEBUG org.example.GestorEldenRing - | SinLuz{id=3, nombre='SinLuz3', encuentros=[Encuentros{nombre='Encuentro 5', fechaEncuentro=2026-09-30, dificultad=3, nombreEnemigos=[Carlos, Elena, Mario]}, Encuentros{nombre='Encuentro 6', fechaEncuentro=2026-09-30, dificultad=8, nombreEnemigos=[Daniel, Lucia, Javier]}]} |
2026-09-30 22:36:47.855 [main] DEBUG org.example.GestorEldenRing - | SinLuz{id=1, nombre='SinLuz1', encuentros=[Encuentros{nombre='Encuentro 2', fechaEncuentro=2026-09-30, dificultad=1, nombreEnemigos=[Pepe, Salma, Lucas]}]} |
2026-09-30 22:36:47.857 [main] DEBUG org.example.GestorEldenRing - | SinLuz{id=2, nombre='SinLuz2', encuentros=[Encuentros{nombre='Encuentro 3', fechaEncuentro=2026-09-30, dificultad=10, nombreEnemigos=[Sandra, Paula, Claudia]}, Encuentros{nombre='Encuentro 4', fechaEncuentro=2026-09-30, dificultad=7, nombreEnemigos=[Alberto, Laura, Diego]}]} |
2026-09-30 22:36:47.857 [main] DEBUG org.example.GestorEldenRing - | SinLuz{id=2, nombre='SinLuz2', encuentros=[Encuentros{nombre='Encuentro 3', fechaEncuentro=2026-09-30, dificultad=10, nombreEnemigos=[Sandra, Paula, Claudia]}, Encuentros{nombre='Encuentro 4', fechaEncuentro=2026-09-30, dificultad=7, nombreEnemigos=[Alberto, Laura, Diego]}]} |
2026-09-30 22:36:47.857 [main] DEBUG org.example.GestorEldenRing - | SinLuz{id=3, nombre='SinLuz3', encuentros=[Encuentros{nombre='Encuentro 5', fechaEncuentro=2026-09-30, dificultad=3, nombreEnemigos=[Carlos, Elena, Mario]}, Encuentros{nombre='Encuentro 6', fechaEncuentro=2026-09-30, dificultad=8, nombreEnemigos=[Daniel, Lucia, Javier]}]} |
2026-09-30 22:36:47.857 [main] DEBUG org.example.GestorEldenRing - | SinLuz{id=3, nombre='SinLuz3', encuentros=[Encuentros{nombre='Encuentro 5', fechaEncuentro=2026-09-30, dificultad=3, nombreEnemigos=[Carlos, Elena, Mario]}, Encuentros{nombre='Encuentro 6', fechaEncuentro=2026-09-30, dificultad=8, nombreEnemigos=[Daniel, Lucia, Javier]}]} |
2026-09-30 22:36:47.857 [main] DEBUG org.example.GestorEldenRing - +----------------------+
2026-09-30 22:36:47.857 [main] DEBUG org.example.GestorEldenRing - +----------------------+
2026-09-30 22:37:31.509 [main] DEBUG org.example.GestorEldenRing - +----------------------+
2026-09-30 22:37:31.511 [main] DEBUG org.example.GestorEldenRing - |      SIN LUZ         |
2026-09-30 22:37:31.511 [main] DEBUG org.example.GestorEldenRing - +----------------------+
2026-09-30 22:37:31.513 [main] DEBUG org.example.GestorEldenRing - | SinLuz{id=1, nombre='SinLuz1', encuentros=[]} |
2026-09-30 22:37:31.513 [main] DEBUG org.example.GestorEldenRing - | SinLuz{id=2, nombre='SinLuz2', encuentros=[]} |
2026-09-30 22:37:31.513 [main] DEBUG org.example.GestorEldenRing - | SinLuz{id=3, nombre='SinLuz3', encuentros=[]} |
2026-09-30 22:37:31.513 [main] DEBUG org.example.GestorEldenRing - +----------------------+
2026-09-30 22:37:31.513 [main] DEBUG org.example.GestorEldenRing - +----------------------+
2026-09-30 22:37:31.521 [main] DEBUG org.example.GestorEldenRing - +----------------------+
2026-09-30 22:37:31.522 [main] DEBUG org.example.GestorEldenRing - |      ENCUENTROS        |
2026-09-30 22:37:31.522 [main] DEBUG org.example.GestorEldenRing - +----------------------+
2026-09-30 22:37:31.525 [main] DEBUG org.example.GestorEldenRing - | Encuentros{nombre='Encuentro 1', fechaEncuentro=2026-09-30, dificultad=5, nombreEnemigos=[Pedro, Maria, Juan]} |
2026-09-30 22:37:31.525 [main] DEBUG org.example.GestorEldenRing - | Encuentros{nombre='Encuentro 2', fechaEncuentro=2026-09-30, dificultad=1, nombreEnemigos=[Pepe, Salma, Lucas]} |
2026-09-30 22:37:31.525 [main] DEBUG org.example.GestorEldenRing - | Encuentros{nombre='Encuentro 3', fechaEncuentro=2026-09-30, dificultad=10, nombreEnemigos=[Sandra, Paula, Claudia]} |
2026-09-30 22:37:31.525 [main] DEBUG org.example.GestorEldenRing - | Encuentros{nombre='Encuentro 4', fechaEncuentro=2026-09-30, dificultad=7, nombreEnemigos=[Alberto, Laura, Diego]} |
2026-09-30 22:37:31.525 [main] DEBUG org.example.GestorEldenRing - | Encuentros{nombre='Encuentro 5', fechaEncuentro=2026-09-30, dificultad=3, nombreEnemigos=[Carlos, Elena, Mario]} |
2026-09-30 22:37:31.527 [main] DEBUG org.example.GestorEldenRing - | Encuentros{nombre='Encuentro 6', fechaEncuentro=2026-09-30, dificultad=8, nombreEnemigos=[Daniel, Lucia, Javier]} |
2026-09-30 22:37:31.527 [main] DEBUG org.example.GestorEldenRing - | Encuentros{nombre='Encuentro 7', fechaEncuentro=2026-09-30, dificultad=2, nombreEnemigos=[Antonio, Sofia, Raul]} |
2026-09-30 22:37:31.527 [main] DEBUG org.example.GestorEldenRing - +----------------------+
2026-09-30 22:37:31.527 [main] DEBUG org.example.GestorEldenRing - +----------------------+
2026-09-30 22:37:31.527 [main] DEBUG org.example.GestorEldenRing - +----------------------+
2026-09-30 22:37:31.527 [main] DEBUG org.example.GestorEldenRing - |      SIN LUZ         |
2026-09-30 22:37:31.527 [main] DEBUG org.example.GestorEldenRing - +----------------------+
2026-09-30 22:37:31.527 [main] DEBUG org.example.GestorEldenRing - | SinLuz{id=1, nombre='SinLuz1', encuentros=[Encuentros{nombre='Encuentro 2', fechaEncuentro=2026-09-30, dificultad=1, nombreEnemigos=[Pepe, Salma, Lucas]}]} |
2026-09-30 22:37:31.527 [main] DEBUG org.example.GestorEldenRing - | SinLuz{id=2, nombre='SinLuz2', encuentros=[Encuentros{nombre='Encuentro 3', fechaEncuentro=2026-09-30, dificultad=10, nombreEnemigos=[Sandra, Paula, Claudia]}, Encuentros{nombre='Encuentro 4', fechaEncuentro=2026-09-30, dificultad=7, nombreEnemigos=[Alberto, Laura, Diego]}]} |
2026-09-30 22:37:31.528 [main] DEBUG org.example.GestorEldenRing - | SinLuz{id=3, nombre='SinLuz3', encuentros=[Encuentros{nombre='Encuentro 5', fechaEncuentro=2026-09-30, dificultad=3, nombreEnemigos=[Carlos, Elena, Mario]}, Encuentros{nombre='Encuentro 6', fechaEncuentro=2026-09-30, dificultad=8, nombreEnemigos=[Daniel, Lucia, Javier]}]} |
2026-09-30 22:37:31.528 [main] DEBUG org.example.GestorEldenRing - | SinLuz{id=1, nombre='SinLuz1', encuentros=[Encuentros{nombre='Encuentro 2', fechaEncuentro=2026-09-30, dificultad=1, nombreEnemigos=[Pepe, Salma, Lucas]}]} |
2026-09-30 22:37:31.528 [main] DEBUG org.example.GestorEldenRing - | SinLuz{id=2, nombre='SinLuz2', encuentros=[Encuentros{nombre='Encuentro 3', fechaEncuentro=2026-09-30, dificultad=10, nombreEnemigos=[Sandra, Paula, Claudia]}, Encuentros{nombre='Encuentro 4', fechaEncuentro=2026-09-30, dificultad=7, nombreEnemigos=[Alberto, Laura, Diego]}]} |
2026-09-30 22:37:31.528 [main] DEBUG org.example.GestorEldenRing - | SinLuz{id=2, nombre='SinLuz2', encuentros=[Encuentros{nombre='Encuentro 3', fechaEncuentro=2026-09-30, dificultad=10, nombreEnemigos=[Sandra, Paula, Claudia]}, Encuentros{nombre='Encuentro 4', fechaEncuentro=2026-09-30, dificultad=7, nombreEnemigos=[Alberto, Laura, Diego]}]} |
2026-09-30 22:37:31.528 [main] DEBUG org.example.GestorEldenRing - | SinLuz{id=3, nombre='SinLuz3', encuentros=[Encuentros{nombre='Encuentro 5', fechaEncuentro=2026-09-30, dificultad=3, nombreEnemigos=[Carlos, Elena, Mario]}, Encuentros{nombre='Encuentro 6', fechaEncuentro=2026-09-30, dificultad=8, nombreEnemigos=[Daniel, Lucia, Javier]}]} |
2026-09-30 22:37:31.528 [main] DEBUG org.example.GestorEldenRing - | SinLuz{id=3, nombre='SinLuz3', encuentros=[Encuentros{nombre='Encuentro 5', fechaEncuentro=2026-09-30, dificultad=3, nombreEnemigos=[Carlos, Elena, Mario]}, Encuentros{nombre='Encuentro 6', fechaEncuentro=2026-09-30, dificultad=8, nombreEnemigos=[Daniel, Lucia, Javier]}]} |
2026-09-30 22:37:31.529 [main] DEBUG org.example.GestorEldenRing - +----------------------+
2026-09-30 22:37:31.529 [main] DEBUG org.example.GestorEldenRing - +----------------------+
2026-09-30 22:38:07.444 [main] DEBUG org.example.GestorEldenRing - +----------------------+
2026-09-30 22:38:07.445 [main] DEBUG org.example.GestorEldenRing - |      SIN LUZ         |
2026-09-30 22:38:07.445 [main] DEBUG org.example.GestorEldenRing - +----------------------+
2026-09-30 22:38:07.448 [main] DEBUG org.example.GestorEldenRing - | SinLuz{id=1, nombre='SinLuz1', encuentros=[]} |
2026-09-30 22:38:07.448 [main] DEBUG org.example.GestorEldenRing - | SinLuz{id=2, nombre='SinLuz2', encuentros=[]} |
2026-09-30 22:38:07.448 [main] DEBUG org.example.GestorEldenRing - | SinLuz{id=3, nombre='SinLuz3', encuentros=[]} |
2026-09-30 22:38:07.448 [main] DEBUG org.example.GestorEldenRing - +----------------------+
2026-09-30 22:38:07.448 [main] DEBUG org.example.GestorEldenRing - +----------------------+
2026-09-30 22:38:07.455 [main] ERROR org.example.Repository.SinLuzRepository - Error al agregar el encuentro: No existe el SinLuz con el id: 5
2026-09-30 22:38:07.457 [main] ERROR org.example.Repository.SinLuzRepository - Error al agregar el encuentro: No existe el SinLuz con el id: 5
2026-09-30 22:38:07.457 [main] DEBUG org.example.GestorEldenRing - +----------------------+
2026-09-30 22:38:07.457 [main] DEBUG org.example.GestorEldenRing - |      ENCUENTROS        |
2026-09-30 22:38:07.457 [main] DEBUG org.example.GestorEldenRing - +----------------------+
2026-09-30 22:38:07.460 [main] DEBUG org.example.GestorEldenRing - | Encuentros{nombre='Encuentro 1', fechaEncuentro=2026-09-30, dificultad=5, nombreEnemigos=[Pedro, Maria, Juan]} |
2026-09-30 22:38:07.461 [main] DEBUG org.example.GestorEldenRing - | Encuentros{nombre='Encuentro 2', fechaEncuentro=2026-09-30, dificultad=1, nombreEnemigos=[Pepe, Salma, Lucas]} |
2026-09-30 22:38:07.461 [main] DEBUG org.example.GestorEldenRing - | Encuentros{nombre='Encuentro 3', fechaEncuentro=2026-09-30, dificultad=10, nombreEnemigos=[Sandra, Paula, Claudia]} |
2026-09-30 22:38:07.461 [main] DEBUG org.example.GestorEldenRing - | Encuentros{nombre='Encuentro 4', fechaEncuentro=2026-09-30, dificultad=7, nombreEnemigos=[Alberto, Laura, Diego]} |
2026-09-30 22:38:07.461 [main] DEBUG org.example.GestorEldenRing - | Encuentros{nombre='Encuentro 5', fechaEncuentro=2026-09-30, dificultad=3, nombreEnemigos=[Carlos, Elena, Mario]} |
2026-09-30 22:38:07.461 [main] DEBUG org.example.GestorEldenRing - | Encuentros{nombre='Encuentro 6', fechaEncuentro=2026-09-30, dificultad=8, nombreEnemigos=[Daniel, Lucia, Javier]} |
2026-09-30 22:38:07.461 [main] DEBUG org.example.GestorEldenRing - | Encuentros{nombre='Encuentro 7', fechaEncuentro=2026-09-30, dificultad=2, nombreEnemigos=[Antonio, Sofia, Raul]} |
2026-09-30 22:38:07.461 [main] DEBUG org.example.GestorEldenRing - +----------------------+
2026-09-30 22:38:07.461 [main] DEBUG org.example.GestorEldenRing - +----------------------+
2026-09-30 22:38:07.461 [main] DEBUG org.example.GestorEldenRing - +----------------------+
2026-09-30 22:38:07.461 [main] DEBUG org.example.GestorEldenRing - |      SIN LUZ         |
2026-09-30 22:38:07.461 [main] DEBUG org.example.GestorEldenRing - +----------------------+
2026-09-30 22:38:07.462 [main] DEBUG org.example.GestorEldenRing - | SinLuz{id=1, nombre='SinLuz1', encuentros=[Encuentros{nombre='Encuentro 2', fechaEncuentro=2026-09-30, dificultad=1, nombreEnemigos=[Pepe, Salma, Lucas]}]} |
2026-09-30 22:38:07.462 [main] DEBUG org.example.GestorEldenRing - | SinLuz{id=2, nombre='SinLuz2', encuentros=[Encuentros{nombre='Encuentro 3', fechaEncuentro=2026-09-30, dificultad=10, nombreEnemigos=[Sandra, Paula, Claudia]}, Encuentros{nombre='Encuentro 4', fechaEncuentro=2026-09-30, dificultad=7, nombreEnemigos=[Alberto, Laura, Diego]}]} |
2026-09-30 22:38:07.462 [main] DEBUG org.example.GestorEldenRing - | SinLuz{id=3, nombre='SinLuz3', encuentros=[Encuentros{nombre='Encuentro 5', fechaEncuentro=2026-09-30, dificultad=3, nombreEnemigos=[Carlos, Elena, Mario]}, Encuentros{nombre='Encuentro 6', fechaEncuentro=2026-09-30, dificultad=8, nombreEnemigos=[Daniel, Lucia, Javier]}]} |
2026-09-30 22:38:07.462 [main] DEBUG org.example.GestorEldenRing - | SinLuz{id=1, nombre='SinLuz1', encuentros=[Encuentros{nombre='Encuentro 2', fechaEncuentro=2026-09-30, dificultad=1, nombreEnemigos=[Pepe, Salma, Lucas]}]} |
2026-09-30 22:38:07.462 [main] DEBUG org.example.GestorEldenRing - | SinLuz{id=2, nombre='SinLuz2', encuentros=[Encuentros{nombre='Encuentro 3', fechaEncuentro=2026-09-30, dificultad=10, nombreEnemigos=[Sandra, Paula, Claudia]}, Encuentros{nombre='Encuentro 4', fechaEncuentro=2026-09-30, dificultad=7, nombreEnemigos=[Alberto, Laura, Diego]}]} |
2026-09-30 22:38:07.463 [main] DEBUG org.example.GestorEldenRing - | SinLuz{id=2, nombre='SinLuz2', encuentros=[Encuentros{nombre='Encuentro 3', fechaEncuentro=2026-09-30, dificultad=10, nombreEnemigos=[Sandra, Paula, Claudia]}, Encuentros{nombre='Encuentro 4', fechaEncuentro=2026-09-30, dificultad=7, nombreEnemigos=[Alberto, Laura, Diego]}]} |
2026-09-30 22:38:07.463 [main] DEBUG org.example.GestorEldenRing - | SinLuz{id=3, nombre='SinLuz3', encuentros=[Encuentros{nombre='Encuentro 5', fechaEncuentro=2026-09-30, dificultad=3, nombreEnemigos=[Carlos, Elena, Mario]}, Encuentros{nombre='Encuentro 6', fechaEncuentro=2026-09-30, dificultad=8, nombreEnemigos=[Daniel, Lucia, Javier]}]} |
2026-09-30 22:38:07.463 [main] DEBUG org.example.GestorEldenRing - | SinLuz{id=3, nombre='SinLuz3', encuentros=[Encuentros{nombre='Encuentro 5', fechaEncuentro=2026-09-30, dificultad=3, nombreEnemigos=[Carlos, Elena, Mario]}, Encuentros{nombre='Encuentro 6', fechaEncuentro=2026-09-30, dificultad=8, nombreEnemigos=[Daniel, Lucia, Javier]}]} |
2026-09-30 22:38:07.463 [main] DEBUG org.example.GestorEldenRing - +----------------------+
2026-09-30 22:38:07.463 [main] DEBUG org.example.GestorEldenRing - +----------------------+
2026-09-30 22:38:20.063 [main] DEBUG org.example.GestorEldenRing - +----------------------+
2026-09-30 22:38:20.064 [main] DEBUG org.example.GestorEldenRing - |      SIN LUZ         |
2026-09-30 22:38:20.064 [main] DEBUG org.example.GestorEldenRing - +----------------------+
2026-09-30 22:38:20.068 [main] DEBUG org.example.GestorEldenRing - | SinLuz{id=1, nombre='SinLuz1', encuentros=[]} |
2026-09-30 22:38:20.068 [main] DEBUG org.example.GestorEldenRing - | SinLuz{id=2, nombre='SinLuz2', encuentros=[]} |
2026-09-30 22:38:20.068 [main] DEBUG org.example.GestorEldenRing - | SinLuz{id=3, nombre='SinLuz3', encuentros=[]} |
2026-09-30 22:38:20.068 [main] DEBUG org.example.GestorEldenRing - +----------------------+
2026-09-30 22:38:20.068 [main] DEBUG org.example.GestorEldenRing - +----------------------+
2026-09-30 22:38:20.076 [main] DEBUG org.example.Repository.SinLuzRepository - Error al agregar el encuentro: No existe el SinLuz con el id: 5
2026-09-30 22:38:20.077 [main] DEBUG org.example.Repository.SinLuzRepository - Error al agregar el encuentro: No existe el SinLuz con el id: 5
2026-09-30 22:38:20.077 [main] DEBUG org.example.GestorEldenRing - +----------------------+
2026-09-30 22:38:20.077 [main] DEBUG org.example.GestorEldenRing - |      ENCUENTROS        |
2026-09-30 22:38:20.077 [main] DEBUG org.example.GestorEldenRing - +----------------------+
2026-09-30 22:38:20.081 [main] DEBUG org.example.GestorEldenRing - | Encuentros{nombre='Encuentro 1', fechaEncuentro=2026-09-30, dificultad=5, nombreEnemigos=[Pedro, Maria, Juan]} |
2026-09-30 22:38:20.081 [main] DEBUG org.example.GestorEldenRing - | Encuentros{nombre='Encuentro 2', fechaEncuentro=2026-09-30, dificultad=1, nombreEnemigos=[Pepe, Salma, Lucas]} |
2026-09-30 22:38:20.081 [main] DEBUG org.example.GestorEldenRing - | Encuentros{nombre='Encuentro 3', fechaEncuentro=2026-09-30, dificultad=10, nombreEnemigos=[Sandra, Paula, Claudia]} |
2026-09-30 22:38:20.081 [main] DEBUG org.example.GestorEldenRing - | Encuentros{nombre='Encuentro 4', fechaEncuentro=2026-09-30, dificultad=7, nombreEnemigos=[Alberto, Laura, Diego]} |
2026-09-30 22:38:20.081 [main] DEBUG org.example.GestorEldenRing - | Encuentros{nombre='Encuentro 5', fechaEncuentro=2026-09-30, dificultad=3, nombreEnemigos=[Carlos, Elena, Mario]} |
2026-09-30 22:38:20.081 [main] DEBUG org.example.GestorEldenRing - | Encuentros{nombre='Encuentro 6', fechaEncuentro=2026-09-30, dificultad=8, nombreEnemigos=[Daniel, Lucia, Javier]} |
2026-09-30 22:38:20.082 [main] DEBUG org.example.GestorEldenRing - | Encuentros{nombre='Encuentro 7', fechaEncuentro=2026-09-30, dificultad=2, nombreEnemigos=[Antonio, Sofia, Raul]} |
2026-09-30 22:38:20.082 [main] DEBUG org.example.GestorEldenRing - +----------------------+
2026-09-30 22:38:20.082 [main] DEBUG org.example.GestorEldenRing - +----------------------+
2026-09-30 22:38:20.082 [main] DEBUG org.example.GestorEldenRing - +----------------------+
2026-09-30 22:38:20.082 [main] DEBUG org.example.GestorEldenRing - |      SIN LUZ         |
2026-09-30 22:38:20.082 [main] DEBUG org.example.GestorEldenRing - +----------------------+
2026-09-30 22:38:20.082 [main] DEBUG org.example.GestorEldenRing - | SinLuz{id=1, nombre='SinLuz1', encuentros=[Encuentros{nombre='Encuentro 2', fechaEncuentro=2026-09-30, dificultad=1, nombreEnemigos=[Pepe, Salma, Lucas]}]} |
2026-09-30 22:38:20.082 [main] DEBUG org.example.GestorEldenRing - | SinLuz{id=2, nombre='SinLuz2', encuentros=[Encuentros{nombre='Encuentro 3', fechaEncuentro=2026-09-30, dificultad=10, nombreEnemigos=[Sandra, Paula, Claudia]}, Encuentros{nombre='Encuentro 4', fechaEncuentro=2026-09-30, dificultad=7, nombreEnemigos=[Alberto, Laura, Diego]}]} |
2026-09-30 22:38:20.082 [main] DEBUG org.example.GestorEldenRing - | SinLuz{id=3, nombre='SinLuz3', encuentros=[Encuentros{nombre='Encuentro 5', fechaEncuentro=2026-09-30, dificultad=3, nombreEnemigos=[Carlos, Elena, Mario]}, Encuentros{nombre='Encuentro 6', fechaEncuentro=2026-09-30, dificultad=8, nombreEnemigos=[Daniel, Lucia, Javier]}]} |
2026-09-30 22:38:20.083 [main] DEBUG org.example.GestorEldenRing - | SinLuz{id=1, nombre='SinLuz1', encuentros=[Encuentros{nombre='Encuentro 2', fechaEncuentro=2026-09-30, dificultad=1, nombreEnemigos=[Pepe, Salma, Lucas]}]} |
2026-09-30 22:38:20.083 [main] DEBUG org.example.GestorEldenRing - | SinLuz{id=2, nombre='SinLuz2', encuentros=[Encuentros{nombre='Encuentro 3', fechaEncuentro=2026-09-30, dificultad=10, nombreEnemigos=[Sandra, Paula, Claudia]}, Encuentros{nombre='Encuentro 4', fechaEncuentro=2026-09-30, dificultad=7, nombreEnemigos=[Alberto, Laura, Diego]}]} |
2026-09-30 22:38:20.083 [main] DEBUG org.example.GestorEldenRing - | SinLuz{id=2, nombre='SinLuz2', encuentros=[Encuentros{nombre='Encuentro 3', fechaEncuentro=2026-09-30, dificultad=10, nombreEnemigos=[Sandra, Paula, Claudia]}, Encuentros{nombre='Encuentro 4', fechaEncuentro=2026-09-30, dificultad=7, nombreEnemigos=[Alberto, Laura, Diego]}]} |
2026-09-30 22:38:20.083 [main] DEBUG org.example.GestorEldenRing - | SinLuz{id=3, nombre='SinLuz3', encuentros=[Encuentros{nombre='Encuentro 5', fechaEncuentro=2026-09-30, dificultad=3, nombreEnemigos=[Carlos, Elena, Mario]}, Encuentros{nombre='Encuentro 6', fechaEncuentro=2026-09-30, dificultad=8, nombreEnemigos=[Daniel, Lucia, Javier]}]} |
2026-09-30 22:38:20.083 [main] DEBUG org.example.GestorEldenRing - | SinLuz{id=3, nombre='SinLuz3', encuentros=[Encuentros{nombre='Encuentro 5', fechaEncuentro=2026-09-30, dificultad=3, nombreEnemigos=[Carlos, Elena, Mario]}, Encuentros{nombre='Encuentro 6', fechaEncuentro=2026-09-30, dificultad=8, nombreEnemigos=[Daniel, Lucia, Javier]}]} |
2026-09-30 22:38:20.083 [main] DEBUG org.example.GestorEldenRing - +----------------------+
2026-09-30 22:38:20.083 [main] DEBUG org.example.GestorEldenRing - +----------------------+
2026-09-30 22:38:29.636 [main] DEBUG org.example.GestorEldenRing - +----------------------+
2026-09-30 22:38:29.639 [main] DEBUG org.example.GestorEldenRing - |      SIN LUZ         |
2026-09-30 22:38:29.639 [main] DEBUG org.example.GestorEldenRing - +----------------------+
2026-09-30 22:38:29.641 [main] DEBUG org.example.GestorEldenRing - | SinLuz{id=1, nombre='SinLuz1', encuentros=[]} |
2026-09-30 22:38:29.641 [main] DEBUG org.example.GestorEldenRing - | SinLuz{id=2, nombre='SinLuz2', encuentros=[]} |
2026-09-30 22:38:29.641 [main] DEBUG org.example.GestorEldenRing - | SinLuz{id=3, nombre='SinLuz3', encuentros=[]} |
2026-09-30 22:38:29.641 [main] DEBUG org.example.GestorEldenRing - +----------------------+
2026-09-30 22:38:29.641 [main] DEBUG org.example.GestorEldenRing - +----------------------+
2026-09-30 22:38:29.649 [main] DEBUG org.example.Repository.SinLuzRepository - Error al agregar el encuentro: No existe el SinLuz con el id: 5
2026-09-30 22:38:29.651 [main] DEBUG org.example.Repository.SinLuzRepository - Error al agregar el encuentro: No existe el SinLuz con el id: 5
2026-09-30 22:38:29.651 [main] DEBUG org.example.GestorEldenRing - +----------------------+
2026-09-30 22:38:29.651 [main] DEBUG org.example.GestorEldenRing - |      ENCUENTROS        |
2026-09-30 22:38:29.651 [main] DEBUG org.example.GestorEldenRing - +----------------------+
2026-09-30 22:38:29.655 [main] DEBUG org.example.GestorEldenRing - | Encuentros{nombre='Encuentro 1', fechaEncuentro=2026-09-30, dificultad=5, nombreEnemigos=[Pedro, Maria, Juan]} |
2026-09-30 22:38:29.656 [main] DEBUG org.example.GestorEldenRing - | Encuentros{nombre='Encuentro 2', fechaEncuentro=2026-09-30, dificultad=1, nombreEnemigos=[Pepe, Salma, Lucas]} |
2026-09-30 22:38:29.656 [main] DEBUG org.example.GestorEldenRing - | Encuentros{nombre='Encuentro 3', fechaEncuentro=2026-09-30, dificultad=10, nombreEnemigos=[Sandra, Paula, Claudia]} |
2026-09-30 22:38:29.656 [main] DEBUG org.example.GestorEldenRing - | Encuentros{nombre='Encuentro 4', fechaEncuentro=2026-09-30, dificultad=7, nombreEnemigos=[Alberto, Laura, Diego]} |
2026-09-30 22:38:29.656 [main] DEBUG org.example.GestorEldenRing - | Encuentros{nombre='Encuentro 5', fechaEncuentro=2026-09-30, dificultad=3, nombreEnemigos=[Carlos, Elena, Mario]} |
2026-09-30 22:38:29.656 [main] DEBUG org.example.GestorEldenRing - | Encuentros{nombre='Encuentro 6', fechaEncuentro=2026-09-30, dificultad=8, nombreEnemigos=[Daniel, Lucia, Javier]} |
2026-09-30 22:38:29.656 [main] DEBUG org.example.GestorEldenRing - | Encuentros{nombre='Encuentro 7', fechaEncuentro=2026-09-30, dificultad=2, nombreEnemigos=[Antonio, Sofia, Raul]} |
2026-09-30 22:38:29.656 [main] DEBUG org.example.GestorEldenRing - +----------------------+
2026-09-30 22:38:29.656 [main] DEBUG org.example.GestorEldenRing - +----------------------+
2026-09-30 22:38:29.656 [main] DEBUG org.example.GestorEldenRing - +----------------------+
2026-09-30 22:38:29.657 [main] DEBUG org.example.GestorEldenRing - |      SIN LUZ         |
2026-09-30 22:38:29.657 [main] DEBUG org.example.GestorEldenRing - +----------------------+
2026-09-30 22:38:29.657 [main] DEBUG org.example.GestorEldenRing - | SinLuz{id=1, nombre='SinLuz1', encuentros=[Encuentros{nombre='Encuentro 2', fechaEncuentro=2026-09-30, dificultad=1, nombreEnemigos=[Pepe, Salma, Lucas]}]} |
2026-09-30 22:38:29.657 [main] DEBUG org.example.GestorEldenRing - | SinLuz{id=2, nombre='SinLuz2', encuentros=[Encuentros{nombre='Encuentro 3', fechaEncuentro=2026-09-30, dificultad=10, nombreEnemigos=[Sandra, Paula, Claudia]}, Encuentros{nombre='Encuentro 4', fechaEncuentro=2026-09-30, dificultad=7, nombreEnemigos=[Alberto, Laura, Diego]}]} |
2026-09-30 22:38:29.657 [main] DEBUG org.example.GestorEldenRing - | SinLuz{id=3, nombre='SinLuz3', encuentros=[Encuentros{nombre='Encuentro 5', fechaEncuentro=2026-09-30, dificultad=3, nombreEnemigos=[Carlos, Elena, Mario]}, Encuentros{nombre='Encuentro 6', fechaEncuentro=2026-09-30, dificultad=8, nombreEnemigos=[Daniel, Lucia, Javier]}]} |
2026-09-30 22:38:29.657 [main] DEBUG org.example.GestorEldenRing - | SinLuz{id=1, nombre='SinLuz1', encuentros=[Encuentros{nombre='Encuentro 2', fechaEncuentro=2026-09-30, dificultad=1, nombreEnemigos=[Pepe, Salma, Lucas]}]} |
2026-09-30 22:38:29.657 [main] DEBUG org.example.GestorEldenRing - | SinLuz{id=2, nombre='SinLuz2', encuentros=[Encuentros{nombre='Encuentro 3', fechaEncuentro=2026-09-30, dificultad=10, nombreEnemigos=[Sandra, Paula, Claudia]}, Encuentros{nombre='Encuentro 4', fechaEncuentro=2026-09-30, dificultad=7, nombreEnemigos=[Alberto, Laura, Diego]}]} |
2026-09-30 22:38:29.658 [main] DEBUG org.example.GestorEldenRing - | SinLuz{id=2, nombre='SinLuz2', encuentros=[Encuentros{nombre='Encuentro 3', fechaEncuentro=2026-09-30, dificultad=10, nombreEnemigos=[Sandra, Paula, Claudia]}, Encuentros{nombre='Encuentro 4', fechaEncuentro=2026-09-30, dificultad=7, nombreEnemigos=[Alberto, Laura, Diego]}]} |
2026-09-30 22:38:29.658 [main] DEBUG org.example.GestorEldenRing - | SinLuz{id=3, nombre='SinLuz3', encuentros=[Encuentros{nombre='Encuentro 5', fechaEncuentro=2026-09-30, dificultad=3, nombreEnemigos=[Carlos, Elena, Mario]}, Encuentros{nombre='Encuentro 6', fechaEncuentro=2026-09-30, dificultad=8, nombreEnemigos=[Daniel, Lucia, Javier]}]} |
2026-09-30 22:38:29.658 [main] DEBUG org.example.GestorEldenRing - | SinLuz{id=3, nombre='SinLuz3', encuentros=[Encuentros{nombre='Encuentro 5', fechaEncuentro=2026-09-30, dificultad=3, nombreEnemigos=[Carlos, Elena, Mario]}, Encuentros{nombre='Encuentro 6', fechaEncuentro=2026-09-30, dificultad=8, nombreEnemigos=[Daniel, Lucia, Javier]}]} |
2026-09-30 22:38:29.658 [main] DEBUG org.example.GestorEldenRing - +----------------------+
2026-09-30 22:38:29.658 [main] DEBUG org.example.GestorEldenRing - +----------------------+
2026-09-30 22:44:11.876 [main] DEBUG org.example.GestorEldenRing - +----------------------+
2026-09-30 22:44:11.879 [main] DEBUG org.example.GestorEldenRing - |      SIN LUZ         |
2026-09-30 22:44:11.879 [main] DEBUG org.example.GestorEldenRing - +----------------------+
2026-09-30 22:44:11.882 [main] DEBUG org.example.GestorEldenRing - | SinLuz{id=1, nombre='SinLuz1', encuentros=[]} |
2026-09-30 22:44:11.883 [main] DEBUG org.example.GestorEldenRing - | SinLuz{id=2, nombre='SinLuz2', encuentros=[]} |
2026-09-30 22:44:11.883 [main] DEBUG org.example.GestorEldenRing - | SinLuz{id=3, nombre='SinLuz3', encuentros=[]} |
2026-09-30 22:44:11.883 [main] DEBUG org.example.GestorEldenRing - +----------------------+
2026-09-30 22:44:11.883 [main] DEBUG org.example.GestorEldenRing - +----------------------+
2026-09-30 22:45:31.584 [main] DEBUG org.example.GestorEldenRing - +----------------------+
2026-09-30 22:45:31.585 [main] DEBUG org.example.GestorEldenRing - |      SIN LUZ         |
2026-09-30 22:45:31.585 [main] DEBUG org.example.GestorEldenRing - +----------------------+
2026-09-30 22:45:31.588 [main] DEBUG org.example.GestorEldenRing - | SinLuz{id=1, nombre='SinLuz1', encuentros=[]} |
2026-09-30 22:45:31.588 [main] DEBUG org.example.GestorEldenRing - | SinLuz{id=2, nombre='SinLuz2', encuentros=[]} |
2026-09-30 22:45:31.589 [main] DEBUG org.example.GestorEldenRing - | SinLuz{id=3, nombre='SinLuz3', encuentros=[]} |
2026-09-30 22:45:31.589 [main] DEBUG org.example.GestorEldenRing - +----------------------+
2026-09-30 22:45:31.589 [main] DEBUG org.example.GestorEldenRing - +----------------------+
2026-09-30 22:45:31.599 [main] DEBUG org.example.Service.EncuentroService - SinLuz obtenido: null
2026-09-30 22:47:14.461 [main] DEBUG org.example.GestorEldenRing - +----------------------+
2026-09-30 22:47:14.463 [main] DEBUG org.example.GestorEldenRing - |      SIN LUZ         |
2026-09-30 22:47:14.463 [main] DEBUG org.example.GestorEldenRing - +----------------------+
2026-09-30 22:47:14.465 [main] DEBUG org.example.GestorEldenRing - | SinLuz{id=1, nombre='SinLuz1', encuentros=[]} |
2026-09-30 22:47:14.465 [main] DEBUG org.example.GestorEldenRing - | SinLuz{id=2, nombre='SinLuz2', encuentros=[]} |
2026-09-30 22:47:14.465 [main] DEBUG org.example.GestorEldenRing - | SinLuz{id=3, nombre='SinLuz3', encuentros=[]} |
2026-09-30 22:47:14.466 [main] DEBUG org.example.GestorEldenRing - +----------------------+
2026-09-30 22:47:14.466 [main] DEBUG org.example.GestorEldenRing - +----------------------+
2026-09-30 22:47:23.295 [main] DEBUG org.example.GestorEldenRing - +----------------------+
2026-09-30 22:47:23.297 [main] DEBUG org.example.GestorEldenRing - |      SIN LUZ         |
2026-09-30 22:47:23.297 [main] DEBUG org.example.GestorEldenRing - +----------------------+
2026-09-30 22:47:23.300 [main] DEBUG org.example.GestorEldenRing - | SinLuz{id=1, nombre='SinLuz1', encuentros=[]} |
2026-09-30 22:47:23.300 [main] DEBUG org.example.GestorEldenRing - | SinLuz{id=2, nombre='SinLuz2', encuentros=[]} |
2026-09-30 22:47:23.301 [main] DEBUG org.example.GestorEldenRing - | SinLuz{id=3, nombre='SinLuz3', encuentros=[]} |
2026-09-30 22:47:23.301 [main] DEBUG org.example.GestorEldenRing - +----------------------+
2026-09-30 22:47:23.301 [main] DEBUG org.example.GestorEldenRing - +----------------------+
2026-09-30 22:47:23.311 [main] DEBUG org.example.Service.EncuentroService - SinLuz obtenido: null
2026-09-30 22:48:27.789 [main] DEBUG org.example.GestorEldenRing - +----------------------+
2026-09-30 22:48:27.791 [main] DEBUG org.example.GestorEldenRing - |      SIN LUZ         |
2026-09-30 22:48:27.791 [main] DEBUG org.example.GestorEldenRing - +----------------------+
2026-09-30 22:48:27.794 [main] DEBUG org.example.GestorEldenRing - | SinLuz{id=1, nombre='SinLuz1', encuentros=[]} |
2026-09-30 22:48:27.794 [main] DEBUG org.example.GestorEldenRing - | SinLuz{id=2, nombre='SinLuz2', encuentros=[]} |
2026-09-30 22:48:27.794 [main] DEBUG org.example.GestorEldenRing - | SinLuz{id=3, nombre='SinLuz3', encuentros=[]} |
2026-09-30 22:48:27.794 [main] DEBUG org.example.GestorEldenRing - +----------------------+
2026-09-30 22:48:27.794 [main] DEBUG org.example.GestorEldenRing - +----------------------+
2026-09-30 22:48:27.803 [main] DEBUG org.example.Service.EncuentroService - SinLuz obtenido: null
2026-09-30 22:48:52.287 [main] DEBUG org.example.GestorEldenRing - +----------------------+
2026-09-30 22:48:52.289 [main] DEBUG org.example.GestorEldenRing - |      SIN LUZ         |
2026-09-30 22:48:52.289 [main] DEBUG org.example.GestorEldenRing - +----------------------+
2026-09-30 22:48:52.291 [main] DEBUG org.example.GestorEldenRing - | SinLuz{id=1, nombre='SinLuz1', encuentros=[]} |
2026-09-30 22:48:52.291 [main] DEBUG org.example.GestorEldenRing - | SinLuz{id=2, nombre='SinLuz2', encuentros=[]} |
2026-09-30 22:48:52.291 [main] DEBUG org.example.GestorEldenRing - | SinLuz{id=3, nombre='SinLuz3', encuentros=[]} |
2026-09-30 22:48:52.291 [main] DEBUG org.example.GestorEldenRing - +----------------------+
2026-09-30 22:48:52.291 [main] DEBUG org.example.GestorEldenRing - +----------------------+
2026-09-30 22:48:52.301 [main] DEBUG org.example.Service.EncuentroService - SinLuz obtenido: 5
2026-09-30 22:50:33.836 [main] DEBUG org.example.GestorEldenRing - +----------------------+
2026-09-30 22:50:33.839 [main] DEBUG org.example.GestorEldenRing - |      SIN LUZ         |
2026-09-30 22:50:33.839 [main] DEBUG org.example.GestorEldenRing - +----------------------+
2026-09-30 22:50:33.840 [main] DEBUG org.example.GestorEldenRing - | SinLuz{id=1, nombre='SinLuz1', encuentros=[]} |
2026-09-30 22:50:33.841 [main] DEBUG org.example.GestorEldenRing - | SinLuz{id=2, nombre='SinLuz2', encuentros=[]} |
2026-09-30 22:50:33.841 [main] DEBUG org.example.GestorEldenRing - | SinLuz{id=3, nombre='SinLuz3', encuentros=[]} |
2026-09-30 22:50:33.841 [main] DEBUG org.example.GestorEldenRing - +----------------------+
2026-09-30 22:50:33.841 [main] DEBUG org.example.GestorEldenRing - +----------------------+
2026-09-30 22:50:33.847 [main] DEBUG org.example.Service.EncuentroService - SinLuz obtenido: 5
2026-09-30 22:50:33.847 [main] ERROR org.example.Repository.SinLuzRepository - Error: No existe el SinLuz con el id: 5
2026-09-30 22:50:33.847 [main] DEBUG org.example.Service.EncuentroService - SinLuz obtenido: 1
2026-09-30 22:50:33.847 [main] DEBUG org.example.Service.EncuentroService - SinLuz obtenido: 2
2026-09-30 22:50:33.847 [main] DEBUG org.example.Service.EncuentroService - SinLuz obtenido: 2
2026-09-30 22:50:33.847 [main] DEBUG org.example.Service.EncuentroService - SinLuz obtenido: 3
2026-09-30 22:50:33.847 [main] DEBUG org.example.Service.EncuentroService - SinLuz obtenido: 3
2026-09-30 22:50:33.847 [main] DEBUG org.example.Service.EncuentroService - SinLuz obtenido: 5
2026-09-30 22:50:33.847 [main] ERROR org.example.Repository.SinLuzRepository - Error: No existe el SinLuz con el id: 5
2026-09-30 22:50:33.847 [main] DEBUG org.example.GestorEldenRing - +----------------------+
2026-09-30 22:50:33.847 [main] DEBUG org.example.GestorEldenRing - |      ENCUENTROS        |
2026-09-30 22:50:33.847 [main] DEBUG org.example.GestorEldenRing - +----------------------+
2026-09-30 22:50:33.847 [main] DEBUG org.example.GestorEldenRing - | Encuentros{nombre='Encuentro 1', fechaEncuentro=2026-09-30, dificultad=5, nombreEnemigos=[Pedro, Maria, Juan]} |
2026-09-30 22:50:33.847 [main] DEBUG org.example.GestorEldenRing - | Encuentros{nombre='Encuentro 2', fechaEncuentro=2026-09-30, dificultad=1, nombreEnemigos=[Pepe, Salma, Lucas]} |
2026-09-30 22:50:33.847 [main] DEBUG org.example.GestorEldenRing - | Encuentros{nombre='Encuentro 3', fechaEncuentro=2026-09-30, dificultad=10, nombreEnemigos=[Sandra, Paula, Claudia]} |
2026-09-30 22:50:33.847 [main] DEBUG org.example.GestorEldenRing - | Encuentros{nombre='Encuentro 4', fechaEncuentro=2026-09-30, dificultad=7, nombreEnemigos=[Alberto, Laura, Diego]} |
2026-09-30 22:50:33.847 [main] DEBUG org.example.GestorEldenRing - | Encuentros{nombre='Encuentro 5', fechaEncuentro=2026-09-30, dificultad=3, nombreEnemigos=[Carlos, Elena, Mario]} |
2026-09-30 22:50:33.847 [main] DEBUG org.example.GestorEldenRing - | Encuentros{nombre='Encuentro 6', fechaEncuentro=2026-09-30, dificultad=8, nombreEnemigos=[Daniel, Lucia, Javier]} |
2026-09-30 22:50:33.847 [main] DEBUG org.example.GestorEldenRing - | Encuentros{nombre='Encuentro 7', fechaEncuentro=2026-09-30, dificultad=2, nombreEnemigos=[Antonio, Sofia, Raul]} |
2026-09-30 22:50:33.847 [main] DEBUG org.example.GestorEldenRing - +----------------------+
2026-09-30 22:50:33.847 [main] DEBUG org.example.GestorEldenRing - +----------------------+
2026-09-30 22:50:33.847 [main] DEBUG org.example.GestorEldenRing - +----------------------+
2026-09-30 22:50:33.847 [main] DEBUG org.example.GestorEldenRing - |      SIN LUZ         |
2026-09-30 22:50:33.847 [main] DEBUG org.example.GestorEldenRing - +----------------------+
2026-09-30 22:50:33.855 [main] DEBUG org.example.GestorEldenRing - | SinLuz{id=1, nombre='SinLuz1', encuentros=[Encuentros{nombre='Encuentro 2', fechaEncuentro=2026-09-30, dificultad=1, nombreEnemigos=[Pepe, Salma, Lucas]}]} |
2026-09-30 22:50:33.855 [main] DEBUG org.example.GestorEldenRing - | SinLuz{id=2, nombre='SinLuz2', encuentros=[Encuentros{nombre='Encuentro 3', fechaEncuentro=2026-09-30, dificultad=10, nombreEnemigos=[Sandra, Paula, Claudia]}, Encuentros{nombre='Encuentro 4', fechaEncuentro=2026-09-30, dificultad=7, nombreEnemigos=[Alberto, Laura, Diego]}]} |
2026-09-30 22:50:33.855 [main] DEBUG org.example.GestorEldenRing - | SinLuz{id=3, nombre='SinLuz3', encuentros=[Encuentros{nombre='Encuentro 5', fechaEncuentro=2026-09-30, dificultad=3, nombreEnemigos=[Carlos, Elena, Mario]}, Encuentros{nombre='Encuentro 6', fechaEncuentro=2026-09-30, dificultad=8, nombreEnemigos=[Daniel, Lucia, Javier]}]} |
2026-09-30 22:50:33.855 [main] DEBUG org.example.GestorEldenRing - | SinLuz{id=1, nombre='SinLuz1', encuentros=[Encuentros{nombre='Encuentro 2', fechaEncuentro=2026-09-30, dificultad=1, nombreEnemigos=[Pepe, Salma, Lucas]}]} |
2026-09-30 22:50:33.855 [main] DEBUG org.example.GestorEldenRing - | SinLuz{id=2, nombre='SinLuz2', encuentros=[Encuentros{nombre='Encuentro 3', fechaEncuentro=2026-09-30, dificultad=10, nombreEnemigos=[Sandra, Paula, Claudia]}, Encuentros{nombre='Encuentro 4', fechaEncuentro=2026-09-30, dificultad=7, nombreEnemigos=[Alberto, Laura, Diego]}]} |
2026-09-30 22:50:33.855 [main] DEBUG org.example.GestorEldenRing - | SinLuz{id=2, nombre='SinLuz2', encuentros=[Encuentros{nombre='Encuentro 3', fechaEncuentro=2026-09-30, dificultad=10, nombreEnemigos=[Sandra, Paula, Claudia]}, Encuentros{nombre='Encuentro 4', fechaEncuentro=2026-09-30, dificultad=7, nombreEnemigos=[Alberto, Laura, Diego]}]} |
2026-09-30 22:50:33.855 [main] DEBUG org.example.GestorEldenRing - | SinLuz{id=3, nombre='SinLuz3', encuentros=[Encuentros{nombre='Encuentro 5', fechaEncuentro=2026-09-30, dificultad=3, nombreEnemigos=[Carlos, Elena, Mario]}, Encuentros{nombre='Encuentro 6', fechaEncuentro=2026-09-30, dificultad=8, nombreEnemigos=[Daniel, Lucia, Javier]}]} |
2026-09-30 22:50:33.856 [main] DEBUG org.example.GestorEldenRing - | SinLuz{id=3, nombre='SinLuz3', encuentros=[Encuentros{nombre='Encuentro 5', fechaEncuentro=2026-09-30, dificultad=3, nombreEnemigos=[Carlos, Elena, Mario]}, Encuentros{nombre='Encuentro 6', fechaEncuentro=2026-09-30, dificultad=8, nombreEnemigos=[Daniel, Lucia, Javier]}]} |
2026-09-30 22:50:33.856 [main] DEBUG org.example.GestorEldenRing - +----------------------+
2026-09-30 22:50:33.856 [main] DEBUG org.example.GestorEldenRing - +----------------------+
2026-09-30 22:50:33.856 [main] DEBUG org.example.Service.EncuentroService - SinLuz obtenido: 1
2026-09-30 22:50:33.856 [main] DEBUG org.example.Service.EncuentroService - SinLuz obtenido: 1
2026-09-30 22:51:09.054 [main] DEBUG org.example.GestorEldenRing - +----------------------+
2026-09-30 22:51:09.056 [main] DEBUG org.example.GestorEldenRing - |      SIN LUZ         |
2026-09-30 22:51:09.056 [main] DEBUG org.example.GestorEldenRing - +----------------------+
2026-09-30 22:51:09.057 [main] DEBUG org.example.GestorEldenRing - | SinLuz{id=1, nombre='SinLuz1', encuentros=[]} |
2026-09-30 22:51:09.057 [main] DEBUG org.example.GestorEldenRing - | SinLuz{id=2, nombre='SinLuz2', encuentros=[]} |
2026-09-30 22:51:09.058 [main] DEBUG org.example.GestorEldenRing - | SinLuz{id=3, nombre='SinLuz3', encuentros=[]} |
2026-09-30 22:51:09.058 [main] DEBUG org.example.GestorEldenRing - +----------------------+
2026-09-30 22:51:09.058 [main] DEBUG org.example.GestorEldenRing - +----------------------+
2026-09-30 22:51:09.065 [main] DEBUG org.example.Service.EncuentroService - SinLuz obtenido: null
2026-09-30 22:51:09.065 [main] ERROR org.example.Repository.SinLuzRepository - Error: No existe el SinLuz con el id: 5
2026-09-30 22:51:09.065 [main] DEBUG org.example.Service.EncuentroService - SinLuz obtenido: SinLuz{id=1, nombre='SinLuz1', encuentros=[]}
2026-09-30 22:51:09.065 [main] DEBUG org.example.Service.EncuentroService - SinLuz obtenido: SinLuz{id=2, nombre='SinLuz2', encuentros=[]}
2026-09-30 22:51:09.070 [main] DEBUG org.example.Service.EncuentroService - SinLuz obtenido: SinLuz{id=2, nombre='SinLuz2', encuentros=[Encuentros{nombre='Encuentro 3', fechaEncuentro=2026-09-30, dificultad=10, nombreEnemigos=[Sandra, Paula, Claudia]}]}
2026-09-30 22:51:09.071 [main] DEBUG org.example.Service.EncuentroService - SinLuz obtenido: SinLuz{id=3, nombre='SinLuz3', encuentros=[]}
2026-09-30 22:51:09.071 [main] DEBUG org.example.Service.EncuentroService - SinLuz obtenido: SinLuz{id=3, nombre='SinLuz3', encuentros=[Encuentros{nombre='Encuentro 5', fechaEncuentro=2026-09-30, dificultad=3, nombreEnemigos=[Carlos, Elena, Mario]}]}
2026-09-30 22:51:09.071 [main] DEBUG org.example.Service.EncuentroService - SinLuz obtenido: null
2026-09-30 22:51:09.071 [main] ERROR org.example.Repository.SinLuzRepository - Error: No existe el SinLuz con el id: 5
2026-09-30 22:51:09.071 [main] DEBUG org.example.GestorEldenRing - +----------------------+
2026-09-30 22:51:09.071 [main] DEBUG org.example.GestorEldenRing - |      ENCUENTROS        |
2026-09-30 22:51:09.071 [main] DEBUG org.example.GestorEldenRing - +----------------------+
2026-09-30 22:51:09.072 [main] DEBUG org.example.GestorEldenRing - | Encuentros{nombre='Encuentro 1', fechaEncuentro=2026-09-30, dificultad=5, nombreEnemigos=[Pedro, Maria, Juan]} |
2026-09-30 22:51:09.072 [main] DEBUG org.example.GestorEldenRing - | Encuentros{nombre='Encuentro 2', fechaEncuentro=2026-09-30, dificultad=1, nombreEnemigos=[Pepe, Salma, Lucas]} |
2026-09-30 22:51:09.072 [main] DEBUG org.example.GestorEldenRing - | Encuentros{nombre='Encuentro 3', fechaEncuentro=2026-09-30, dificultad=10, nombreEnemigos=[Sandra, Paula, Claudia]} |
2026-09-30 22:51:09.072 [main] DEBUG org.example.GestorEldenRing - | Encuentros{nombre='Encuentro 4', fechaEncuentro=2026-09-30, dificultad=7, nombreEnemigos=[Alberto, Laura, Diego]} |
2026-09-30 22:51:09.072 [main] DEBUG org.example.GestorEldenRing - | Encuentros{nombre='Encuentro 5', fechaEncuentro=2026-09-30, dificultad=3, nombreEnemigos=[Carlos, Elena, Mario]} |
2026-09-30 22:51:09.072 [main] DEBUG org.example.GestorEldenRing - | Encuentros{nombre='Encuentro 6', fechaEncuentro=2026-09-30, dificultad=8, nombreEnemigos=[Daniel, Lucia, Javier]} |
2026-09-30 22:51:09.072 [main] DEBUG org.example.GestorEldenRing - | Encuentros{nombre='Encuentro 7', fechaEncuentro=2026-09-30, dificultad=2, nombreEnemigos=[Antonio, Sofia, Raul]} |
2026-09-30 22:51:09.072 [main] DEBUG org.example.GestorEldenRing - +----------------------+
2026-09-30 22:51:09.072 [main] DEBUG org.example.GestorEldenRing - +----------------------+
2026-09-30 22:51:09.072 [main] DEBUG org.example.GestorEldenRing - +----------------------+
2026-09-30 22:51:09.072 [main] DEBUG org.example.GestorEldenRing - |      SIN LUZ         |
2026-09-30 22:51:09.073 [main] DEBUG org.example.GestorEldenRing - +----------------------+
2026-09-30 22:51:09.073 [main] DEBUG org.example.GestorEldenRing - | SinLuz{id=1, nombre='SinLuz1', encuentros=[Encuentros{nombre='Encuentro 2', fechaEncuentro=2026-09-30, dificultad=1, nombreEnemigos=[Pepe, Salma, Lucas]}]} |
2026-09-30 22:51:09.073 [main] DEBUG org.example.GestorEldenRing - | SinLuz{id=2, nombre='SinLuz2', encuentros=[Encuentros{nombre='Encuentro 3', fechaEncuentro=2026-09-30, dificultad=10, nombreEnemigos=[Sandra, Paula, Claudia]}, Encuentros{nombre='Encuentro 4', fechaEncuentro=2026-09-30, dificultad=7, nombreEnemigos=[Alberto, Laura, Diego]}]} |
2026-09-30 22:51:09.073 [main] DEBUG org.example.GestorEldenRing - | SinLuz{id=3, nombre='SinLuz3', encuentros=[Encuentros{nombre='Encuentro 5', fechaEncuentro=2026-09-30, dificultad=3, nombreEnemigos=[Carlos, Elena, Mario]}, Encuentros{nombre='Encuentro 6', fechaEncuentro=2026-09-30, dificultad=8, nombreEnemigos=[Daniel, Lucia, Javier]}]} |
2026-09-30 22:51:09.073 [main] DEBUG org.example.GestorEldenRing - | SinLuz{id=1, nombre='SinLuz1', encuentros=[Encuentros{nombre='Encuentro 2', fechaEncuentro=2026-09-30, dificultad=1, nombreEnemigos=[Pepe, Salma, Lucas]}]} |
2026-09-30 22:51:09.074 [main] DEBUG org.example.GestorEldenRing - | SinLuz{id=2, nombre='SinLuz2', encuentros=[Encuentros{nombre='Encuentro 3', fechaEncuentro=2026-09-30, dificultad=10, nombreEnemigos=[Sandra, Paula, Claudia]}, Encuentros{nombre='Encuentro 4', fechaEncuentro=2026-09-30, dificultad=7, nombreEnemigos=[Alberto, Laura, Diego]}]} |
2026-09-30 22:51:09.074 [main] DEBUG org.example.GestorEldenRing - | SinLuz{id=2, nombre='SinLuz2', encuentros=[Encuentros{nombre='Encuentro 3', fechaEncuentro=2026-09-30, dificultad=10, nombreEnemigos=[Sandra, Paula, Claudia]}, Encuentros{nombre='Encuentro 4', fechaEncuentro=2026-09-30, dificultad=7, nombreEnemigos=[Alberto, Laura, Diego]}]} |
2026-09-30 22:51:09.074 [main] DEBUG org.example.GestorEldenRing - | SinLuz{id=3, nombre='SinLuz3', encuentros=[Encuentros{nombre='Encuentro 5', fechaEncuentro=2026-09-30, dificultad=3, nombreEnemigos=[Carlos, Elena, Mario]}, Encuentros{nombre='Encuentro 6', fechaEncuentro=2026-09-30, dificultad=8, nombreEnemigos=[Daniel, Lucia, Javier]}]} |
2026-09-30 22:51:09.074 [main] DEBUG org.example.GestorEldenRing - | SinLuz{id=3, nombre='SinLuz3', encuentros=[Encuentros{nombre='Encuentro 5', fechaEncuentro=2026-09-30, dificultad=3, nombreEnemigos=[Carlos, Elena, Mario]}, Encuentros{nombre='Encuentro 6', fechaEncuentro=2026-09-30, dificultad=8, nombreEnemigos=[Daniel, Lucia, Javier]}]} |
2026-09-30 22:51:09.074 [main] DEBUG org.example.GestorEldenRing - +----------------------+
2026-09-30 22:51:09.074 [main] DEBUG org.example.GestorEldenRing - +----------------------+
2026-09-30 22:51:09.074 [main] DEBUG org.example.Service.EncuentroService - SinLuz obtenido: SinLuz{id=1, nombre='SinLuz1', encuentros=[Encuentros{nombre='Encuentro 2', fechaEncuentro=2026-09-30, dificultad=1, nombreEnemigos=[Pepe, Salma, Lucas]}]}
2026-09-30 22:51:09.074 [main] DEBUG org.example.Service.EncuentroService - SinLuz obtenido: SinLuz{id=1, nombre='SinLuz1', encuentros=[Encuentros{nombre='Encuentro 2', fechaEncuentro=2026-09-30, dificultad=1, nombreEnemigos=[Pepe, Salma, Lucas]}, Encuentros{nombre='Encuentro 2', fechaEncuentro=2026-09-30, dificultad=1, nombreEnemigos=[Pepe, Salma, Lucas]}]}
2026-09-30 22:53:24.973 [main] DEBUG org.example.GestorEldenRing - +----------------------+
2026-09-30 22:53:24.975 [main] DEBUG org.example.GestorEldenRing - |      SIN LUZ         |
2026-09-30 22:53:24.975 [main] DEBUG org.example.GestorEldenRing - +----------------------+
2026-09-30 22:53:24.978 [main] DEBUG org.example.GestorEldenRing - | SinLuz{id=1, nombre='SinLuz1', encuentros=[]} |
2026-09-30 22:53:24.978 [main] DEBUG org.example.GestorEldenRing - | SinLuz{id=2, nombre='SinLuz2', encuentros=[]} |
2026-09-30 22:53:24.978 [main] DEBUG org.example.GestorEldenRing - | SinLuz{id=3, nombre='SinLuz3', encuentros=[]} |
2026-09-30 22:53:24.978 [main] DEBUG org.example.GestorEldenRing - +----------------------+
2026-09-30 22:53:24.978 [main] DEBUG org.example.GestorEldenRing - +----------------------+
2026-09-30 22:53:41.000 [main] DEBUG org.example.GestorEldenRing - +----------------------+
2026-09-30 22:53:41.002 [main] DEBUG org.example.GestorEldenRing - |      SIN LUZ         |
2026-09-30 22:53:41.002 [main] DEBUG org.example.GestorEldenRing - +----------------------+
2026-09-30 22:53:41.004 [main] DEBUG org.example.GestorEldenRing - | SinLuz{id=1, nombre='SinLuz1', encuentros=[]} |
2026-09-30 22:53:41.004 [main] DEBUG org.example.GestorEldenRing - | SinLuz{id=2, nombre='SinLuz2', encuentros=[]} |
2026-09-30 22:53:41.004 [main] DEBUG org.example.GestorEldenRing - | SinLuz{id=3, nombre='SinLuz3', encuentros=[]} |
2026-09-30 22:53:41.004 [main] DEBUG org.example.GestorEldenRing - +----------------------+
2026-09-30 22:53:41.004 [main] DEBUG org.example.GestorEldenRing - +----------------------+
2026-09-30 22:53:41.014 [main] DEBUG org.example.GestorEldenRing - +----------------------+
2026-09-30 22:53:41.014 [main] DEBUG org.example.GestorEldenRing - |      ENCUENTROS        |
2026-09-30 22:53:41.014 [main] DEBUG org.example.GestorEldenRing - +----------------------+
2026-09-30 22:53:41.018 [main] DEBUG org.example.GestorEldenRing - | Encuentros{nombre='Encuentro 2', fechaEncuentro=2026-09-30, dificultad=1, nombreEnemigos=[Pepe, Salma, Lucas]} |
2026-09-30 22:53:41.018 [main] DEBUG org.example.GestorEldenRing - | Encuentros{nombre='Encuentro 3', fechaEncuentro=2026-09-30, dificultad=10, nombreEnemigos=[Sandra, Paula, Claudia]} |
2026-09-30 22:53:41.018 [main] DEBUG org.example.GestorEldenRing - | Encuentros{nombre='Encuentro 4', fechaEncuentro=2026-09-30, dificultad=7, nombreEnemigos=[Alberto, Laura, Diego]} |
2026-09-30 22:53:41.018 [main] DEBUG org.example.GestorEldenRing - | Encuentros{nombre='Encuentro 5', fechaEncuentro=2026-09-30, dificultad=3, nombreEnemigos=[Carlos, Elena, Mario]} |
2026-09-30 22:53:41.018 [main] DEBUG org.example.GestorEldenRing - | Encuentros{nombre='Encuentro 6', fechaEncuentro=2026-09-30, dificultad=8, nombreEnemigos=[Daniel, Lucia, Javier]} |
2026-09-30 22:53:41.018 [main] DEBUG org.example.GestorEldenRing - +----------------------+
2026-09-30 22:53:41.018 [main] DEBUG org.example.GestorEldenRing - +----------------------+
2026-09-30 22:53:41.018 [main] DEBUG org.example.GestorEldenRing - +----------------------+
2026-09-30 22:53:41.019 [main] DEBUG org.example.GestorEldenRing - |      SIN LUZ         |
2026-09-30 22:53:41.019 [main] DEBUG org.example.GestorEldenRing - +----------------------+
2026-09-30 22:53:41.019 [main] DEBUG org.example.GestorEldenRing - | SinLuz{id=1, nombre='SinLuz1', encuentros=[Encuentros{nombre='Encuentro 2', fechaEncuentro=2026-09-30, dificultad=1, nombreEnemigos=[Pepe, Salma, Lucas]}]} |
2026-09-30 22:53:41.019 [main] DEBUG org.example.GestorEldenRing - | SinLuz{id=2, nombre='SinLuz2', encuentros=[Encuentros{nombre='Encuentro 3', fechaEncuentro=2026-09-30, dificultad=10, nombreEnemigos=[Sandra, Paula, Claudia]}, Encuentros{nombre='Encuentro 4', fechaEncuentro=2026-09-30, dificultad=7, nombreEnemigos=[Alberto, Laura, Diego]}]} |
2026-09-30 22:53:41.019 [main] DEBUG org.example.GestorEldenRing - | SinLuz{id=3, nombre='SinLuz3', encuentros=[Encuentros{nombre='Encuentro 5', fechaEncuentro=2026-09-30, dificultad=3, nombreEnemigos=[Carlos, Elena, Mario]}, Encuentros{nombre='Encuentro 6', fechaEncuentro=2026-09-30, dificultad=8, nombreEnemigos=[Daniel, Lucia, Javier]}]} |
2026-09-30 22:53:41.019 [main] DEBUG org.example.GestorEldenRing - | SinLuz{id=1, nombre='SinLuz1', encuentros=[Encuentros{nombre='Encuentro 2', fechaEncuentro=2026-09-30, dificultad=1, nombreEnemigos=[Pepe, Salma, Lucas]}]} |
2026-09-30 22:53:41.019 [main] DEBUG org.example.GestorEldenRing - | SinLuz{id=2, nombre='SinLuz2', encuentros=[Encuentros{nombre='Encuentro 3', fechaEncuentro=2026-09-30, dificultad=10, nombreEnemigos=[Sandra, Paula, Claudia]}, Encuentros{nombre='Encuentro 4', fechaEncuentro=2026-09-30, dificultad=7, nombreEnemigos=[Alberto, Laura, Diego]}]} |
2026-09-30 22:53:41.019 [main] DEBUG org.example.GestorEldenRing - | SinLuz{id=2, nombre='SinLuz2', encuentros=[Encuentros{nombre='Encuentro 3', fechaEncuentro=2026-09-30, dificultad=10, nombreEnemigos=[Sandra, Paula, Claudia]}, Encuentros{nombre='Encuentro 4', fechaEncuentro=2026-09-30, dificultad=7, nombreEnemigos=[Alberto, Laura, Diego]}]} |
2026-09-30 22:53:41.019 [main] DEBUG org.example.GestorEldenRing - | SinLuz{id=3, nombre='SinLuz3', encuentros=[Encuentros{nombre='Encuentro 5', fechaEncuentro=2026-09-30, dificultad=3, nombreEnemigos=[Carlos, Elena, Mario]}, Encuentros{nombre='Encuentro 6', fechaEncuentro=2026-09-30, dificultad=8, nombreEnemigos=[Daniel, Lucia, Javier]}]} |
2026-09-30 22:53:41.019 [main] DEBUG org.example.GestorEldenRing - | SinLuz{id=3, nombre='SinLuz3', encuentros=[Encuentros{nombre='Encuentro 5', fechaEncuentro=2026-09-30, dificultad=3, nombreEnemigos=[Carlos, Elena, Mario]}, Encuentros{nombre='Encuentro 6', fechaEncuentro=2026-09-30, dificultad=8, nombreEnemigos=[Daniel, Lucia, Javier]}]} |
2026-09-30 22:53:41.019 [main] DEBUG org.example.GestorEldenRing - +----------------------+
2026-09-30 22:53:41.019 [main] DEBUG org.example.GestorEldenRing - +----------------------+
2026-09-30 22:53:41.019 [main] ERROR org.example.Service.EncuentroService - Este encuentro ya pertenece a este SinLuz
2026-09-30 22:53:41.019 [main] ERROR org.example.Service.EncuentroService - Este encuentro ya pertenece a este SinLuz
2026-09-30 22:53:49.526 [main] DEBUG org.example.GestorEldenRing - +----------------------+
2026-09-30 22:53:49.528 [main] DEBUG org.example.GestorEldenRing - |      SIN LUZ         |
2026-09-30 22:53:49.528 [main] DEBUG org.example.GestorEldenRing - +----------------------+
2026-09-30 22:53:49.530 [main] DEBUG org.example.GestorEldenRing - | SinLuz{id=1, nombre='SinLuz1', encuentros=[]} |
2026-09-30 22:53:49.530 [main] DEBUG org.example.GestorEldenRing - | SinLuz{id=2, nombre='SinLuz2', encuentros=[]} |
2026-09-30 22:53:49.530 [main] DEBUG org.example.GestorEldenRing - | SinLuz{id=3, nombre='SinLuz3', encuentros=[]} |
2026-09-30 22:53:49.530 [main] DEBUG org.example.GestorEldenRing - +----------------------+
2026-09-30 22:53:49.530 [main] DEBUG org.example.GestorEldenRing - +----------------------+
2026-09-30 22:53:49.538 [main] DEBUG org.example.GestorEldenRing - +----------------------+
2026-09-30 22:53:49.538 [main] DEBUG org.example.GestorEldenRing - |      ENCUENTROS        |
2026-09-30 22:53:49.538 [main] DEBUG org.example.GestorEldenRing - +----------------------+
2026-09-30 22:53:49.542 [main] DEBUG org.example.GestorEldenRing - | Encuentros{nombre='Encuentro 2', fechaEncuentro=2026-09-30, dificultad=1, nombreEnemigos=[Pepe, Salma, Lucas]} |
2026-09-30 22:53:49.542 [main] DEBUG org.example.GestorEldenRing - | Encuentros{nombre='Encuentro 3', fechaEncuentro=2026-09-30, dificultad=10, nombreEnemigos=[Sandra, Paula, Claudia]} |
2026-09-30 22:53:49.542 [main] DEBUG org.example.GestorEldenRing - | Encuentros{nombre='Encuentro 4', fechaEncuentro=2026-09-30, dificultad=7, nombreEnemigos=[Alberto, Laura, Diego]} |
2026-09-30 22:53:49.543 [main] DEBUG org.example.GestorEldenRing - | Encuentros{nombre='Encuentro 5', fechaEncuentro=2026-09-30, dificultad=3, nombreEnemigos=[Carlos, Elena, Mario]} |
2026-09-30 22:53:49.543 [main] DEBUG org.example.GestorEldenRing - | Encuentros{nombre='Encuentro 6', fechaEncuentro=2026-09-30, dificultad=8, nombreEnemigos=[Daniel, Lucia, Javier]} |
2026-09-30 22:53:49.543 [main] DEBUG org.example.GestorEldenRing - +----------------------+
2026-09-30 22:53:49.543 [main] DEBUG org.example.GestorEldenRing - +----------------------+
2026-09-30 22:53:49.543 [main] DEBUG org.example.GestorEldenRing - +----------------------+
2026-09-30 22:53:49.543 [main] DEBUG org.example.GestorEldenRing - |      SIN LUZ         |
2026-09-30 22:53:49.543 [main] DEBUG org.example.GestorEldenRing - +----------------------+
2026-09-30 22:53:49.543 [main] DEBUG org.example.GestorEldenRing - | SinLuz{id=1, nombre='SinLuz1', encuentros=[Encuentros{nombre='Encuentro 2', fechaEncuentro=2026-09-30, dificultad=1, nombreEnemigos=[Pepe, Salma, Lucas]}]} |
2026-09-30 22:53:49.543 [main] DEBUG org.example.GestorEldenRing - | SinLuz{id=2, nombre='SinLuz2', encuentros=[Encuentros{nombre='Encuentro 3', fechaEncuentro=2026-09-30, dificultad=10, nombreEnemigos=[Sandra, Paula, Claudia]}, Encuentros{nombre='Encuentro 4', fechaEncuentro=2026-09-30, dificultad=7, nombreEnemigos=[Alberto, Laura, Diego]}]} |
2026-09-30 22:53:49.544 [main] DEBUG org.example.GestorEldenRing - | SinLuz{id=3, nombre='SinLuz3', encuentros=[Encuentros{nombre='Encuentro 5', fechaEncuentro=2026-09-30, dificultad=3, nombreEnemigos=[Carlos, Elena, Mario]}, Encuentros{nombre='Encuentro 6', fechaEncuentro=2026-09-30, dificultad=8, nombreEnemigos=[Daniel, Lucia, Javier]}]} |
2026-09-30 22:53:49.544 [main] DEBUG org.example.GestorEldenRing - | SinLuz{id=1, nombre='SinLuz1', encuentros=[Encuentros{nombre='Encuentro 2', fechaEncuentro=2026-09-30, dificultad=1, nombreEnemigos=[Pepe, Salma, Lucas]}]} |
2026-09-30 22:53:49.544 [main] DEBUG org.example.GestorEldenRing - | SinLuz{id=2, nombre='SinLuz2', encuentros=[Encuentros{nombre='Encuentro 3', fechaEncuentro=2026-09-30, dificultad=10, nombreEnemigos=[Sandra, Paula, Claudia]}, Encuentros{nombre='Encuentro 4', fechaEncuentro=2026-09-30, dificultad=7, nombreEnemigos=[Alberto, Laura, Diego]}]} |
2026-09-30 22:53:49.544 [main] DEBUG org.example.GestorEldenRing - | SinLuz{id=2, nombre='SinLuz2', encuentros=[Encuentros{nombre='Encuentro 3', fechaEncuentro=2026-09-30, dificultad=10, nombreEnemigos=[Sandra, Paula, Claudia]}, Encuentros{nombre='Encuentro 4', fechaEncuentro=2026-09-30, dificultad=7, nombreEnemigos=[Alberto, Laura, Diego]}]} |
2026-09-30 22:53:49.544 [main] DEBUG org.example.GestorEldenRing - | SinLuz{id=3, nombre='SinLuz3', encuentros=[Encuentros{nombre='Encuentro 5', fechaEncuentro=2026-09-30, dificultad=3, nombreEnemigos=[Carlos, Elena, Mario]}, Encuentros{nombre='Encuentro 6', fechaEncuentro=2026-09-30, dificultad=8, nombreEnemigos=[Daniel, Lucia, Javier]}]} |
2026-09-30 22:53:49.544 [main] DEBUG org.example.GestorEldenRing - | SinLuz{id=3, nombre='SinLuz3', encuentros=[Encuentros{nombre='Encuentro 5', fechaEncuentro=2026-09-30, dificultad=3, nombreEnemigos=[Carlos, Elena, Mario]}, Encuentros{nombre='Encuentro 6', fechaEncuentro=2026-09-30, dificultad=8, nombreEnemigos=[Daniel, Lucia, Javier]}]} |
2026-09-30 22:53:49.544 [main] DEBUG org.example.GestorEldenRing - +----------------------+
2026-09-30 22:53:49.545 [main] DEBUG org.example.GestorEldenRing - +----------------------+
2026-09-30 22:53:49.545 [main] ERROR org.example.Service.EncuentroService - Este encuentro ya pertenece a este SinLuz
2026-09-30 22:53:49.545 [main] ERROR org.example.Service.EncuentroService - Este encuentro ya pertenece a este SinLuz
2026-09-30 22:53:49.545 [main] ERROR org.example.Service.EncuentroService - Este encuentro ya pertenece a este SinLuz
2026-09-30 22:53:49.545 [main] ERROR org.example.Service.EncuentroService - Este encuentro ya pertenece a este SinLuz
2026-09-30 22:53:49.545 [main] ERROR org.example.Service.EncuentroService - Este encuentro ya pertenece a este SinLuz
2026-09-30 22:53:49.545 [main] ERROR org.example.Service.EncuentroService - Este encuentro ya pertenece a este SinLuz
2026-09-30 23:14:49.687 [main] DEBUG org.example.GestorEldenRing - +----------------------+
2026-09-30 23:14:49.690 [main] DEBUG org.example.GestorEldenRing - |      SIN LUZ         |
2026-09-30 23:14:49.690 [main] DEBUG org.example.GestorEldenRing - +----------------------+
2026-09-30 23:14:49.692 [main] DEBUG org.example.GestorEldenRing - | SinLuz{id=1, nombre='SinLuz1', encuentros=[]} |
2026-09-30 23:14:49.692 [main] DEBUG org.example.GestorEldenRing - | SinLuz{id=2, nombre='SinLuz2', encuentros=[]} |
2026-09-30 23:14:49.693 [main] DEBUG org.example.GestorEldenRing - | SinLuz{id=3, nombre='SinLuz3', encuentros=[]} |
2026-09-30 23:14:49.693 [main] DEBUG org.example.GestorEldenRing - +----------------------+
2026-09-30 23:14:49.693 [main] DEBUG org.example.GestorEldenRing - +----------------------+
2026-09-30 23:14:49.705 [main] DEBUG org.example.GestorEldenRing - +----------------------+
2026-09-30 23:14:49.705 [main] DEBUG org.example.GestorEldenRing - |      ENCUENTROS        |
2026-09-30 23:14:49.705 [main] DEBUG org.example.GestorEldenRing - +----------------------+
2026-09-30 23:14:49.710 [main] DEBUG org.example.GestorEldenRing - | Encuentros{nombre='Encuentro 2', fechaEncuentro=2026-09-30, dificultad=1, nombreEnemigos=[Pepe, Salma, Lucas]} |
2026-09-30 23:14:49.710 [main] DEBUG org.example.GestorEldenRing - | Encuentros{nombre='Encuentro 3', fechaEncuentro=2026-09-30, dificultad=10, nombreEnemigos=[Sandra, Paula, Claudia]} |
2026-09-30 23:14:49.710 [main] DEBUG org.example.GestorEldenRing - | Encuentros{nombre='Encuentro 4', fechaEncuentro=2026-09-30, dificultad=7, nombreEnemigos=[Alberto, Laura, Diego]} |
2026-09-30 23:14:49.710 [main] DEBUG org.example.GestorEldenRing - | Encuentros{nombre='Encuentro 5', fechaEncuentro=2026-09-30, dificultad=3, nombreEnemigos=[Carlos, Elena, Mario]} |
2026-09-30 23:14:49.710 [main] DEBUG org.example.GestorEldenRing - | Encuentros{nombre='Encuentro 6', fechaEncuentro=2026-09-30, dificultad=8, nombreEnemigos=[Daniel, Lucia, Javier]} |
2026-09-30 23:14:49.710 [main] DEBUG org.example.GestorEldenRing - +----------------------+
2026-09-30 23:14:49.710 [main] DEBUG org.example.GestorEldenRing - +----------------------+
2026-09-30 23:14:49.710 [main] DEBUG org.example.GestorEldenRing - +----------------------+
2026-09-30 23:14:49.711 [main] DEBUG org.example.GestorEldenRing - |      SIN LUZ         |
2026-09-30 23:14:49.711 [main] DEBUG org.example.GestorEldenRing - +----------------------+
2026-09-30 23:14:49.711 [main] DEBUG org.example.GestorEldenRing - | SinLuz{id=1, nombre='SinLuz1', encuentros=[Encuentros{nombre='Encuentro 2', fechaEncuentro=2026-09-30, dificultad=1, nombreEnemigos=[Pepe, Salma, Lucas]}]} |
2026-09-30 23:14:49.711 [main] DEBUG org.example.GestorEldenRing - | SinLuz{id=2, nombre='SinLuz2', encuentros=[Encuentros{nombre='Encuentro 3', fechaEncuentro=2026-09-30, dificultad=10, nombreEnemigos=[Sandra, Paula, Claudia]}, Encuentros{nombre='Encuentro 4', fechaEncuentro=2026-09-30, dificultad=7, nombreEnemigos=[Alberto, Laura, Diego]}]} |
2026-09-30 23:14:49.711 [main] DEBUG org.example.GestorEldenRing - | SinLuz{id=3, nombre='SinLuz3', encuentros=[Encuentros{nombre='Encuentro 5', fechaEncuentro=2026-09-30, dificultad=3, nombreEnemigos=[Carlos, Elena, Mario]}, Encuentros{nombre='Encuentro 6', fechaEncuentro=2026-09-30, dificultad=8, nombreEnemigos=[Daniel, Lucia, Javier]}]} |
2026-09-30 23:14:49.711 [main] DEBUG org.example.GestorEldenRing - | SinLuz{id=1, nombre='SinLuz1', encuentros=[Encuentros{nombre='Encuentro 2', fechaEncuentro=2026-09-30, dificultad=1, nombreEnemigos=[Pepe, Salma, Lucas]}]} |
2026-09-30 23:14:49.712 [main] DEBUG org.example.GestorEldenRing - | SinLuz{id=2, nombre='SinLuz2', encuentros=[Encuentros{nombre='Encuentro 3', fechaEncuentro=2026-09-30, dificultad=10, nombreEnemigos=[Sandra, Paula, Claudia]}, Encuentros{nombre='Encuentro 4', fechaEncuentro=2026-09-30, dificultad=7, nombreEnemigos=[Alberto, Laura, Diego]}]} |
2026-09-30 23:14:49.712 [main] DEBUG org.example.GestorEldenRing - | SinLuz{id=2, nombre='SinLuz2', encuentros=[Encuentros{nombre='Encuentro 3', fechaEncuentro=2026-09-30, dificultad=10, nombreEnemigos=[Sandra, Paula, Claudia]}, Encuentros{nombre='Encuentro 4', fechaEncuentro=2026-09-30, dificultad=7, nombreEnemigos=[Alberto, Laura, Diego]}]} |
2026-09-30 23:14:49.712 [main] DEBUG org.example.GestorEldenRing - | SinLuz{id=3, nombre='SinLuz3', encuentros=[Encuentros{nombre='Encuentro 5', fechaEncuentro=2026-09-30, dificultad=3, nombreEnemigos=[Carlos, Elena, Mario]}, Encuentros{nombre='Encuentro 6', fechaEncuentro=2026-09-30, dificultad=8, nombreEnemigos=[Daniel, Lucia, Javier]}]} |
2026-09-30 23:14:49.712 [main] DEBUG org.example.GestorEldenRing - | SinLuz{id=3, nombre='SinLuz3', encuentros=[Encuentros{nombre='Encuentro 5', fechaEncuentro=2026-09-30, dificultad=3, nombreEnemigos=[Carlos, Elena, Mario]}, Encuentros{nombre='Encuentro 6', fechaEncuentro=2026-09-30, dificultad=8, nombreEnemigos=[Daniel, Lucia, Javier]}]} |
2026-09-30 23:14:49.712 [main] DEBUG org.example.GestorEldenRing - +----------------------+
2026-09-30 23:14:49.712 [main] DEBUG org.example.GestorEldenRing - +----------------------+
2026-09-30 23:14:49.712 [main] ERROR org.example.Service.EncuentroService - Este encuentro ya pertenece a este SinLuz
2026-09-30 23:14:49.712 [main] ERROR org.example.Service.EncuentroService - Este encuentro ya pertenece a este SinLuz
2026-09-30 23:14:49.712 [main] ERROR org.example.Service.EncuentroService - Este encuentro ya pertenece a este SinLuz
2026-09-30 23:14:49.712 [main] ERROR org.example.Service.EncuentroService - Este encuentro ya pertenece a este SinLuz
2026-09-30 23:14:49.714 [main] ERROR org.example.Service.EncuentroService - Este encuentro ya pertenece a este SinLuz
2026-09-30 23:14:49.714 [main] ERROR org.example.Service.EncuentroService - Este encuentro ya pertenece a este SinLuz
2026-09-30 23:15:31.578 [main] DEBUG org.example.GestorEldenRing - +----------------------+
2026-09-30 23:15:31.580 [main] DEBUG org.example.GestorEldenRing - |      SIN LUZ         |
2026-09-30 23:15:31.580 [main] DEBUG org.example.GestorEldenRing - +----------------------+
2026-09-30 23:15:31.582 [main] DEBUG org.example.GestorEldenRing - | SinLuz{id=1, nombre='SinLuz3', encuentros=[]} |
2026-09-30 23:15:31.582 [main] DEBUG org.example.GestorEldenRing - | SinLuz{id=2, nombre='SinLuz2', encuentros=[]} |
2026-09-30 23:15:31.582 [main] DEBUG org.example.GestorEldenRing - | SinLuz{id=3, nombre='SinLuz1', encuentros=[]} |
2026-09-30 23:15:31.582 [main] DEBUG org.example.GestorEldenRing - +----------------------+
2026-09-30 23:15:31.582 [main] DEBUG org.example.GestorEldenRing - +----------------------+
2026-09-30 23:15:31.592 [main] DEBUG org.example.GestorEldenRing - +----------------------+
2026-09-30 23:15:31.592 [main] DEBUG org.example.GestorEldenRing - |      ENCUENTROS        |
2026-09-30 23:15:31.592 [main] DEBUG org.example.GestorEldenRing - +----------------------+
2026-09-30 23:15:31.595 [main] DEBUG org.example.GestorEldenRing - | Encuentros{nombre='Encuentro 2', fechaEncuentro=2026-09-30, dificultad=1, nombreEnemigos=[Pepe, Salma, Lucas]} |
2026-09-30 23:15:31.596 [main] DEBUG org.example.GestorEldenRing - | Encuentros{nombre='Encuentro 3', fechaEncuentro=2026-09-30, dificultad=10, nombreEnemigos=[Sandra, Paula, Claudia]} |
2026-09-30 23:15:31.596 [main] DEBUG org.example.GestorEldenRing - | Encuentros{nombre='Encuentro 4', fechaEncuentro=2026-09-30, dificultad=7, nombreEnemigos=[Alberto, Laura, Diego]} |
2026-09-30 23:15:31.596 [main] DEBUG org.example.GestorEldenRing - | Encuentros{nombre='Encuentro 5', fechaEncuentro=2026-09-30, dificultad=3, nombreEnemigos=[Carlos, Elena, Mario]} |
2026-09-30 23:15:31.596 [main] DEBUG org.example.GestorEldenRing - | Encuentros{nombre='Encuentro 6', fechaEncuentro=2026-09-30, dificultad=8, nombreEnemigos=[Daniel, Lucia, Javier]} |
2026-09-30 23:15:31.596 [main] DEBUG org.example.GestorEldenRing - +----------------------+
2026-09-30 23:15:31.596 [main] DEBUG org.example.GestorEldenRing - +----------------------+
2026-09-30 23:15:31.596 [main] DEBUG org.example.GestorEldenRing - +----------------------+
2026-09-30 23:15:31.596 [main] DEBUG org.example.GestorEldenRing - |      SIN LUZ         |
2026-09-30 23:15:31.596 [main] DEBUG org.example.GestorEldenRing - +----------------------+
2026-09-30 23:15:31.597 [main] DEBUG org.example.GestorEldenRing - | SinLuz{id=1, nombre='SinLuz3', encuentros=[Encuentros{nombre='Encuentro 2', fechaEncuentro=2026-09-30, dificultad=1, nombreEnemigos=[Pepe, Salma, Lucas]}]} |
2026-09-30 23:15:31.597 [main] DEBUG org.example.GestorEldenRing - | SinLuz{id=2, nombre='SinLuz2', encuentros=[Encuentros{nombre='Encuentro 3', fechaEncuentro=2026-09-30, dificultad=10, nombreEnemigos=[Sandra, Paula, Claudia]}, Encuentros{nombre='Encuentro 4', fechaEncuentro=2026-09-30, dificultad=7, nombreEnemigos=[Alberto, Laura, Diego]}]} |
2026-09-30 23:15:31.597 [main] DEBUG org.example.GestorEldenRing - | SinLuz{id=3, nombre='SinLuz1', encuentros=[Encuentros{nombre='Encuentro 5', fechaEncuentro=2026-09-30, dificultad=3, nombreEnemigos=[Carlos, Elena, Mario]}, Encuentros{nombre='Encuentro 6', fechaEncuentro=2026-09-30, dificultad=8, nombreEnemigos=[Daniel, Lucia, Javier]}]} |
2026-09-30 23:15:31.597 [main] DEBUG org.example.GestorEldenRing - | SinLuz{id=1, nombre='SinLuz3', encuentros=[Encuentros{nombre='Encuentro 2', fechaEncuentro=2026-09-30, dificultad=1, nombreEnemigos=[Pepe, Salma, Lucas]}]} |
2026-09-30 23:15:31.597 [main] DEBUG org.example.GestorEldenRing - | SinLuz{id=2, nombre='SinLuz2', encuentros=[Encuentros{nombre='Encuentro 3', fechaEncuentro=2026-09-30, dificultad=10, nombreEnemigos=[Sandra, Paula, Claudia]}, Encuentros{nombre='Encuentro 4', fechaEncuentro=2026-09-30, dificultad=7, nombreEnemigos=[Alberto, Laura, Diego]}]} |
2026-09-30 23:15:31.597 [main] DEBUG org.example.GestorEldenRing - | SinLuz{id=2, nombre='SinLuz2', encuentros=[Encuentros{nombre='Encuentro 3', fechaEncuentro=2026-09-30, dificultad=10, nombreEnemigos=[Sandra, Paula, Claudia]}, Encuentros{nombre='Encuentro 4', fechaEncuentro=2026-09-30, dificultad=7, nombreEnemigos=[Alberto, Laura, Diego]}]} |
2026-09-30 23:15:31.598 [main] DEBUG org.example.GestorEldenRing - | SinLuz{id=3, nombre='SinLuz1', encuentros=[Encuentros{nombre='Encuentro 5', fechaEncuentro=2026-09-30, dificultad=3, nombreEnemigos=[Carlos, Elena, Mario]}, Encuentros{nombre='Encuentro 6', fechaEncuentro=2026-09-30, dificultad=8, nombreEnemigos=[Daniel, Lucia, Javier]}]} |
2026-09-30 23:15:31.598 [main] DEBUG org.example.GestorEldenRing - | SinLuz{id=3, nombre='SinLuz1', encuentros=[Encuentros{nombre='Encuentro 5', fechaEncuentro=2026-09-30, dificultad=3, nombreEnemigos=[Carlos, Elena, Mario]}, Encuentros{nombre='Encuentro 6', fechaEncuentro=2026-09-30, dificultad=8, nombreEnemigos=[Daniel, Lucia, Javier]}]} |
2026-09-30 23:15:31.598 [main] DEBUG org.example.GestorEldenRing - +----------------------+
2026-09-30 23:15:31.598 [main] DEBUG org.example.GestorEldenRing - +----------------------+
2026-09-30 23:15:31.598 [main] ERROR org.example.Service.EncuentroService - Este encuentro ya pertenece a este SinLuz
2026-09-30 23:15:31.598 [main] ERROR org.example.Service.EncuentroService - Este encuentro ya pertenece a este SinLuz
2026-09-30 23:15:31.598 [main] ERROR org.example.Service.EncuentroService - Este encuentro ya pertenece a este SinLuz
2026-09-30 23:15:31.598 [main] ERROR org.example.Service.EncuentroService - Este encuentro ya pertenece a este SinLuz
2026-09-30 23:15:31.598 [main] ERROR org.example.Service.EncuentroService - Este encuentro ya pertenece a este SinLuz
2026-09-30 23:15:31.598 [main] ERROR org.example.Service.EncuentroService - Este encuentro ya pertenece a este SinLuz
2026-09-30 23:17:46.892 [main] DEBUG org.example.GestorEldenRing - +----------------------+
2026-09-30 23:17:46.893 [main] DEBUG org.example.GestorEldenRing - |      SIN LUZ         |
2026-09-30 23:17:46.893 [main] DEBUG org.example.GestorEldenRing - +----------------------+
2026-09-30 23:17:46.896 [main] DEBUG org.example.GestorEldenRing - | SinLuz{id=3, nombre='SinLuz1', encuentros=[]} |
2026-09-30 23:17:46.896 [main] DEBUG org.example.GestorEldenRing - | SinLuz{id=2, nombre='SinLuz2', encuentros=[]} |
2026-09-30 23:17:46.896 [main] DEBUG org.example.GestorEldenRing - | SinLuz{id=1, nombre='SinLuz3', encuentros=[]} |
2026-09-30 23:17:46.896 [main] DEBUG org.example.GestorEldenRing - +----------------------+
2026-09-30 23:17:46.896 [main] DEBUG org.example.GestorEldenRing - +----------------------+
2026-09-30 23:17:46.903 [main] DEBUG org.example.GestorEldenRing - +----------------------+
2026-09-30 23:17:46.903 [main] DEBUG org.example.GestorEldenRing - |      ENCUENTROS        |
2026-09-30 23:17:46.903 [main] DEBUG org.example.GestorEldenRing - +----------------------+
2026-09-30 23:17:46.907 [main] DEBUG org.example.GestorEldenRing - | Encuentros{nombre='Encuentro 2', fechaEncuentro=2026-09-30, dificultad=1, nombreEnemigos=[Pepe, Salma, Lucas]} |
2026-09-30 23:17:46.907 [main] DEBUG org.example.GestorEldenRing - | Encuentros{nombre='Encuentro 3', fechaEncuentro=2026-09-30, dificultad=10, nombreEnemigos=[Sandra, Paula, Claudia]} |
2026-09-30 23:17:46.907 [main] DEBUG org.example.GestorEldenRing - | Encuentros{nombre='Encuentro 4', fechaEncuentro=2026-09-30, dificultad=7, nombreEnemigos=[Alberto, Laura, Diego]} |
2026-09-30 23:17:46.908 [main] DEBUG org.example.GestorEldenRing - | Encuentros{nombre='Encuentro 5', fechaEncuentro=2026-09-30, dificultad=3, nombreEnemigos=[Carlos, Elena, Mario]} |
2026-09-30 23:17:46.908 [main] DEBUG org.example.GestorEldenRing - | Encuentros{nombre='Encuentro 6', fechaEncuentro=2026-09-30, dificultad=8, nombreEnemigos=[Daniel, Lucia, Javier]} |
2026-09-30 23:17:46.908 [main] DEBUG org.example.GestorEldenRing - +----------------------+
2026-09-30 23:17:46.908 [main] DEBUG org.example.GestorEldenRing - +----------------------+
2026-09-30 23:17:46.908 [main] DEBUG org.example.GestorEldenRing - +----------------------+
2026-09-30 23:17:46.908 [main] DEBUG org.example.GestorEldenRing - |      SIN LUZ         |
2026-09-30 23:17:46.908 [main] DEBUG org.example.GestorEldenRing - +----------------------+
2026-09-30 23:17:46.908 [main] DEBUG org.example.GestorEldenRing - | SinLuz{id=3, nombre='SinLuz1', encuentros=[Encuentros{nombre='Encuentro 5', fechaEncuentro=2026-09-30, dificultad=3, nombreEnemigos=[Carlos, Elena, Mario]}, Encuentros{nombre='Encuentro 6', fechaEncuentro=2026-09-30, dificultad=8, nombreEnemigos=[Daniel, Lucia, Javier]}]} |
2026-09-30 23:17:46.908 [main] DEBUG org.example.GestorEldenRing - | SinLuz{id=3, nombre='SinLuz1', encuentros=[Encuentros{nombre='Encuentro 5', fechaEncuentro=2026-09-30, dificultad=3, nombreEnemigos=[Carlos, Elena, Mario]}, Encuentros{nombre='Encuentro 6', fechaEncuentro=2026-09-30, dificultad=8, nombreEnemigos=[Daniel, Lucia, Javier]}]} |
2026-09-30 23:17:46.908 [main] DEBUG org.example.GestorEldenRing - | SinLuz{id=3, nombre='SinLuz1', encuentros=[Encuentros{nombre='Encuentro 5', fechaEncuentro=2026-09-30, dificultad=3, nombreEnemigos=[Carlos, Elena, Mario]}, Encuentros{nombre='Encuentro 6', fechaEncuentro=2026-09-30, dificultad=8, nombreEnemigos=[Daniel, Lucia, Javier]}]} |
2026-09-30 23:17:46.909 [main] DEBUG org.example.GestorEldenRing - | SinLuz{id=2, nombre='SinLuz2', encuentros=[Encuentros{nombre='Encuentro 3', fechaEncuentro=2026-09-30, dificultad=10, nombreEnemigos=[Sandra, Paula, Claudia]}, Encuentros{nombre='Encuentro 4', fechaEncuentro=2026-09-30, dificultad=7, nombreEnemigos=[Alberto, Laura, Diego]}]} |
2026-09-30 23:17:46.909 [main] DEBUG org.example.GestorEldenRing - | SinLuz{id=2, nombre='SinLuz2', encuentros=[Encuentros{nombre='Encuentro 3', fechaEncuentro=2026-09-30, dificultad=10, nombreEnemigos=[Sandra, Paula, Claudia]}, Encuentros{nombre='Encuentro 4', fechaEncuentro=2026-09-30, dificultad=7, nombreEnemigos=[Alberto, Laura, Diego]}]} |
2026-09-30 23:17:46.909 [main] DEBUG org.example.GestorEldenRing - | SinLuz{id=2, nombre='SinLuz2', encuentros=[Encuentros{nombre='Encuentro 3', fechaEncuentro=2026-09-30, dificultad=10, nombreEnemigos=[Sandra, Paula, Claudia]}, Encuentros{nombre='Encuentro 4', fechaEncuentro=2026-09-30, dificultad=7, nombreEnemigos=[Alberto, Laura, Diego]}]} |
2026-09-30 23:17:46.909 [main] DEBUG org.example.GestorEldenRing - | SinLuz{id=1, nombre='SinLuz3', encuentros=[Encuentros{nombre='Encuentro 2', fechaEncuentro=2026-09-30, dificultad=1, nombreEnemigos=[Pepe, Salma, Lucas]}]} |
2026-09-30 23:17:46.909 [main] DEBUG org.example.GestorEldenRing - | SinLuz{id=1, nombre='SinLuz3', encuentros=[Encuentros{nombre='Encuentro 2', fechaEncuentro=2026-09-30, dificultad=1, nombreEnemigos=[Pepe, Salma, Lucas]}]} |
2026-09-30 23:17:46.909 [main] DEBUG org.example.GestorEldenRing - +----------------------+
2026-09-30 23:17:46.909 [main] DEBUG org.example.GestorEldenRing - +----------------------+
2026-09-30 23:17:46.910 [main] ERROR org.example.Service.EncuentroService - Este encuentro ya pertenece a este SinLuz
2026-09-30 23:17:46.910 [main] ERROR org.example.Service.EncuentroService - Este encuentro ya pertenece a este SinLuz
2026-09-30 23:17:46.910 [main] ERROR org.example.Service.EncuentroService - Este encuentro ya pertenece a este SinLuz
2026-09-30 23:17:46.910 [main] ERROR org.example.Service.EncuentroService - Este encuentro ya pertenece a este SinLuz
2026-09-30 23:17:46.910 [main] ERROR org.example.Service.EncuentroService - Este encuentro ya pertenece a este SinLuz
2026-09-30 23:17:46.910 [main] ERROR org.example.Service.EncuentroService - Este encuentro ya pertenece a este SinLuz
